Articulo,Descripcion,Rubro,CON EL 20%,Stock,img
10-003-P,10 FUNCIONES LUBRICANTE . P X 220 CC,FERRETERIA,"$3,375.86",20,https://http2.mlstatic.com/D_NQ_NP_824357-MLA97210126296_112025-O.webp
5-001,ACEITE DE LINO 1LT,PINTURA,"$2,556.63",20,
2-350,ACEITE DE LINO X 4 LT,FERRETERIA,"$9,135.56",20,
3-001,ACEITE MULTIUSO X 100CC,LUBRICANTES,$697.21,20,
10-009-P,ACIDO DESINCRUSTANTE X 1 LT,FERRETERIA,"$2,681.56",20,
1-001-3,ADAPTADOR 10 AMPERES,ELECTRICIDAD,$758.69,20,
1-001,ADAPTADOR 2 PATAS CHATAS ( REGULABLE ),ELECTRICIDAD,"$1,206.57",20,
1-291-ATL,ADAPTADOR PARA TIRA LED CON ENCHUFE,ILUMINACION,"$1,647.98",20,
4-002-1 KG,ADHESIVO DE POLIURETANO FANATITE 1 KG,PEGAMENTO,"$21,498.24",20,
4-002-330G,ADHESIVO DE POLIURETANO FANATITE 330 GRS,PEGAMENTO,"$8,549.83",20,
4-001,ADHESIVO DE POLIURETANO FANATITE 50 GRS,PEGAMENTO,"$2,731.98",20,
4-004,ADHESIVO PARA PVC 110CC,PEGAMENTO,"$2,379.13",20,
4-005,ADHESIVO PARA PVC 250CC,PEGAMENTO,"$5,108.29",20,
4-006,ADHESIVO PARA PVC 60CC,PEGAMENTO,"$1,399.81",20,
SG-041-ATA,AEROSOL ALTA TEMPERATURA ALUMINIO X 200 CC,PINTURA,"$3,880.74",20,
SG-041-ATN,AEROSOL ALTA TEMPERATURA NEGRO BRILLANTE X 200 CC,PINTURA,"$4,294.29",20,
SG-041-BB,AEROSOL BARNIZ BRILLANTE X 200 CC,PINTURA,"$2,711.30",20,
10-040-LAE,AEROSOL GRASA DE LITIO X 250 CM3,FERRETERIA,"$3,947.34",20,
3-003,AEROSOL GRASA GRAFITADA 237CC,LUBRICANTES,"$3,128.22",20,
10-040-GGR,AEROSOL GRASA GRAFITADA X 250 CM3,FERRETERIA,"$3,924.11",20,
5-021,AEROSOL GRIS ESPACIAL 237 CC,PINTURA,"$2,417.54",20,
5-023,AEROSOL GRIS PERLA 237 CC,PINTURA,"$1,101.00",20,
5-024,AEROSOL GRIS PLATA 237 CC,PINTURA,"$2,417.54",20,
5-025,AEROSOL LIMPIA CONTACTO 237 CC,PINTURA,"$2,394.97",20,
5-027,AEROSOL LUBRICANTE CADENA 427 CC,PINTURA,"$2,000.00",20,
5-029,AEROSOL LUBRICANTE MULTIFUNCION 427 CC,PINTURA,"$2,532.19",20,
5-030,AEROSOL MARRON 237 CC,PINTURA,"$1,101.00",20,
SG-041-ORO,AEROSOL METALIZADO   AZUL  X 200 CC,PINTURA,"$3,361.84",20,
SG-041-ORO,AEROSOL METALIZADO CROMADO X 200 CC,PINTURA,"$3,361.84",20,
SG-041-ORO,AEROSOL METALIZADO ROJO X 200 CC,PINTURA,"$3,361.84",20,
5-031,AEROSOL NARANJA 237 CC,PINTURA,"$2,417.54",20,
5-032,AEROSOL NEGRO ALTA TEMPERATURA 237 CC,PINTURA,"$5,564.72",20,
5-036,AEROSOL NEGRO MATE 427 CC,PINTURA,"$4,002.08",20,
5-038,AEROSOL NEGRO SATINADO 427 CC,PINTURA,"$3,234.87",20,
5-039,AEROSOL ORO 237 CC,PINTURA,"$3,785.46",20,
SG-041-ALU,AEROSOL PINTURA  ALUMINIO X 200 CC,PINTURA,"$2,725.48",20,
SG-041-AM,AEROSOL PINTURA  AMARILLO X 200 CC,PINTURA,"$3,086.93",20,
SG-041-ACL,AEROSOL PINTURA  AZUL CLARO X 200 CC,PINTURA,"$2,725.48",20,
SG-041-AOS,AEROSOL PINTURA  AZUL OSCURO X 200 CC,PINTURA,"$2,725.48",20,
SG-041-AZ,AEROSOL PINTURA  AZUL X 200 CC,PINTURA,"$2,725.48",20,
SG-041-BE,AEROSOL PINTURA  BEIGE X 200 CC,PINTURA,"$2,725.48",20,
SG-041-BB,AEROSOL PINTURA  BLANCO BRILL X 200 CC,PINTURA,"$2,725.48",20,
SG-041-BM,AEROSOL PINTURA  BLANCO MATE X 200 CC,PINTURA,"$2,725.48",20,
SG-041-BS,AEROSOL PINTURA  BLANCO SATINADO X 200 CC,PINTURA,"$2,725.48",20,
SG-041-DO,AEROSOL PINTURA  DORADO X 200 CC,PINTURA,"$2,725.48",20,
SG-041-MARR,AEROSOL PINTURA  MARRON X 200 CC,PINTURA,"$2,725.48",20,
SG-041-NAR,AEROSOL PINTURA  NARANJA X 200 CC,PINTURA,"$2,725.48",20,
SG-041-NB,AEROSOL PINTURA  NEGRO BRILL X 200 CC,PINTURA,"$2,725.48",20,
SG-041-NM,AEROSOL PINTURA  NEGRO MATE X 200 CC,PINTURA,"$2,725.48",20,
SG-041-NS,AEROSOL PINTURA  NEGRO SATINADO X 200 CC,PINTURA,"$2,725.48",20,
SG-041-ORO,AEROSOL PINTURA  ORO X 200 CC,PINTURA,"$3,361.84",20,
SG-041-PTA,AEROSOL PINTURA  PLATA X 200 CC,PINTURA,"$3,131.58",20,
SG-041-PLT,AEROSOL PINTURA  PLATINA X 200 CC,PINTURA,"$2,725.48",20,
SG-041-RO,AEROSOL PINTURA  ROJO X 200 CC,PINTURA,"$2,725.48",20,
SG-041-RS,AEROSOL PINTURA  ROSA X 200 CC,PINTURA,"$2,725.48",20,
SG-041-VE,AEROSOL PINTURA  VERDE OSCURO X 200 CC,PINTURA,"$2,725.48",20,
SG-041-VO,AEROSOL PINTURA  VERDE X 200 CC,PINTURA,"$2,725.48",20,
5-049,AGUARRAS 1 LT,PINTURA,"$2,535.97",20,
5-048,AGUARRAS 1/2 LT,PINTURA,"$1,599.22",20,
5-050,ANTIOXIDO NEGRO 1 LT,PINTURA,"$6,610.94",20,
5-051,ANTIOXIDO NEGRO 1/2 LT,PINTURA,"$3,554.80",20,
5-052,ANTIOXIDO NEGRO 1/4 LT,PINTURA,"$2,335.86",20,
5-053,ANTIOXIDO NEGRO 4 LTS,PINTURA,"$23,555.82",20,
5-054,ANTIOXIDO ROJO 1 LT,PINTURA,"$6,610.94",20,
5-055,ANTIOXIDO ROJO 1/2 LT,PINTURA,"$3,554.80",20,
5-056,ANTIOXIDO ROJO 1/4 LT,PINTURA,"$2,290.57",20,
5-057,ANTIOXIDO ROJO 4 LTS,PINTURA,"$23,555.82",20,
1-295-AD,APLIQUE PARED DICRO CUADRADO BIDIRECCIONAL (B/20),ELECTRICIDAD,"$17,486.61",20,
1-294-AD,APLIQUE PARED DICRO CUADRADO UNIDIRECCIONAL (B/20),ELECTRICIDAD,"$14,057.87",20,
1-293-AD,APLIQUE PARED DICRO REDONDO BIDIRECCIONAL (B/20),ELECTRICIDAD,"$17,486.61",20,
1-292-AD,APLIQUE PARED DICRO REDONDO UNIDIRECCIONAL (B/20),ELECTRICIDAD,"$13,555.80",20,
1-002,AR 111 LUZ CALIDA 12W,ELECTRICIDAD,"$4,927.24",20,
1-003,AR 111 LUZ FRIA 12W,ELECTRICIDAD,"$4,927.24",20,
2-026M,ARCO SIERRA MANGO DE MADERA 12´,FERRETERIA,"$3,639.38",20,
2-026,"ARCO SIERRA MANGO DE METAL 12""",FERRETERIA,"$4,834.87",20,
1-004,AUTOMATICO P/ TANQUE,ELECTRICIDAD,"$7,058.67",20,
5-058,BARNIZ MARINO EXTERIOR INTERIOR 1 LT,PINTURA,"$7,388.66",20,
5-059,BARNIZ MARINO EXTERIOR INTERIOR 1/2 LT,PINTURA,"$4,686.61",20,
5-060,BARNIZ MARINO EXTERIOR INTERIOR 1/4 LT,PINTURA,"$3,261.16",20,
5-061,BARNIZ MARINO EXTERIOR INTERIOR 4 LTS,PINTURA,"$28,157.33",20,
4-007,BARRA DE SILICONA 11MM X 30CM,PEGAMENTO,"$5,999.55",20,
4-008,BARRA DE SILICONA 7MM X 30CM,PEGAMENTO,"$5,999.55",20,
1-005,BASE MULTIFICHA PATA CHATA,ELECTRICIDAD,"$1,573.34",20,
2-034,BATERIA ALCALINA 9V,FERRETERIA,"$2,738.14",20,
2-035-12,BLISTER CANDADO VALIJERO X 12 PIEZAS 20 MM,FERRETERIA,"$14,190.64",20,
2-025-,BLISTER CEPILLO TALADRO X 3 PIEZAS,FERRETERIA,"$3,802.51",20,
2-057,BLISTER CUTTER X 12,FERRETERIA,"$3,275.53",20,
2-785-DIB,BLISTER DESTORNILLADOR IMANTADO  X 6,FERRETERIA,"$4,015.17",20,
2-032,BLISTER LAPIZ CARPINTERO CUADRADO X,FERRETERIA,"$3,388.59",20,
2-038-P,BLISTER MECHA PALA X 6 UND,FERRETERIA,"$6,542.56",20,
1-400-M,BLISTER MECHA PARA MADERA 5 PIEZAS,FERRETERIA,"$2,579.81",20,
1-059,BLISTER PILA CANDELA ALCALINA C X 2 UN (B/96),FERRETERIA,"$1,716.24",20,
11-001,BLISTER SIERRA PARA CALADORA,FERRETERIA,"$1,828.08",20,
1-055,BLISTER X  10 CINTA AISLADORA AMARILLA 10MTS,ELECTRICIDAD,"$5,466.85",20,
1-060,BLISTER X  10 CINTA AISLADORA ROJA 10MTS,ELECTRICIDAD,"$5,389.55",20,
4-003,"BLISTER X ""6"" ADHESIVO INSTANTANEO TIPO GOTITA LIQUIDO 2 GRS",PEGAMENTO,"$2,705.60",20,
1-056,BLISTER X 10 CINTA AISLADORA AZUL 10MTS,ELECTRICIDAD,"$5,389.55",20,
1-057,BLISTER X 10 CINTA AISLADORA BLANCA 10MTS,ELECTRICIDAD,"$5,389.55",20,
1-058,BLISTER X 10 CINTA AISLADORA NEGRA 10MTS,ELECTRICIDAD,"$5,389.55",20,
1-059,BLISTER X 10 CINTA AISLADORA NEGRA 20MTS,ELECTRICIDAD,"$10,230.11",20,
2-014,BLISTER X 10 PILAS ALCALINAS AA,FERRETERIA,"$5,295.94",20,
2-015,BLISTER X 10 PILAS ALCALINAS AAA,FERRETERIA,"$5,295.94",20,
2-052-ALTA,BLISTER X 10 TEFLON ALTA DENSIDAD 1/2 X 10M,FERRETERIA,"$5,711.30",20,
2-053-ALTA,BLISTER X 10 TEFLON ALTA DENSIDAD 3/4 X 10 M,FERRETERIA,"$8,230.06",20,
2-052,BLISTER X 10 TEFLON STANDAR 1/2 X 10M,FERRETERIA,"$2,804.27",20,
2-053,BLISTER X 10 TEFLON STANDAR 3/4 X 10M,FERRETERIA,"$3,817.86",20,
2-033,BLISTER X 2 PILAS ALCALINAS D,FERRETERIA,"$2,574.34",20,
2-021,BLISTER X 5 PILA BOTON CR 2016 X5 UN,FERRETERIA,"$1,568.52",20,
2-020,BLISTER X 5 PILA BOTON CR 2025 X 5 UN,FERRETERIA,"$1,568.52",20,
2-019,BLISTER X 5 PILA BOTON CR 2032 X 5 UN,FERRETERIA,"$1,568.52",20,
12-039-D,BLISTER X 5 SOLUCION DE GOMA,FERRETERIA,"$4,635.07",20,
4-002,BLISTER X 6 ADHESIVO INSTANTANEO TIPO GOTITA GEL 3 GRS,PEGAMENTO,"$4,758.75",20,
SG-041-TF2,BLISTER X 6 ADHESIVO TEKFAST LIQUIDO 2 GRS,PINTURA,"$2,222.15",20,
2-004,"BLISTER X 6 CINTA DE EMBALAR MARRON 4,8 * 41M",FERRETERIA,"$7,488.70",20,
2-006,"BLISTER X 6 CINTA DE EMBALAR TRANSPARENRTE 4,8 * 41M",FERRETERIA,"$7,881.98",20,
SG-090-ZP,BLISTER X 6 ZAPATEK X 9 GRS,PINTURA,"$14,379.83",20,
1-009-B,"BOBINA 400 MTS REFLEX  CABLE DE COBRE PARALELO 2,5",ELECTRICIDAD,"$299,666.32",20,
1-008-B,"BOBINA 500 MTS REFLEX  CABLE DE COBRE PARALELO 1,5",ELECTRICIDAD,"$230,875.00",20,
1-010-B,"BOBINA 500 MTS REFLEX  CABLE DE COBRE TIPO TALLER 2 X 1,5",ELECTRICIDAD,"$452,326.52",20,
1-011-B,"BOBINA 500 MTS REFLEX  CABLE DE COBRE TIPO TALLER 2 X 2,5",ELECTRICIDAD,"$652,104.06",20,
1-011-B2,BOBINA 500 MTS REFLEX  CABLE DE COBRE TIPO TALLER 2 X 4,ELECTRICIDAD,"$1,000,772.42",20,
1-011-B4,BOBINA 500 MTS REFLEX  CABLE DE COBRE TIPO TALLER 2 X 6,ELECTRICIDAD,"$1,399,385.17",20,
1-011-B5,"BOBINA 500 MTS REFLEX  CABLE DE COBRE TIPO TALLER 3 X 2,5",ELECTRICIDAD,"$980,040.78",20,
1-018-B,"BOBINA 500 MTS REFLEX  CABLE DE COBRE UNIPOLAR BLANCO 1,5",ELECTRICIDAD,"$141,352.03",20,
1-019-B,"BOBINA 500 MTS REFLEX  CABLE DE COBRE UNIPOLAR BLANCO 2,5",ELECTRICIDAD,"$210,143.36",20,
1-020-B,BOBINA 500 MTS REFLEX  CABLE DE COBRE UNIPOLAR BLANCO 4,ELECTRICIDAD,"$364,688.26",20,
1-016-CB,BOBINA 500 MTS REFLEX  CABLE DE COBRE UNIPOLAR CELESTE 1.5,ELECTRICIDAD,"$141,352.03",20,
1-016-B,"BOBINA 500 MTS REFLEX  CABLE DE COBRE UNIPOLAR CELESTE 2,5",ELECTRICIDAD,"$210,143.36",20,
1-017-B,BOBINA 500 MTS REFLEX  CABLE DE COBRE UNIPOLAR CELESTE 4,ELECTRICIDAD,"$364,688.26",20,
1-021-B,"BOBINA 500 MTS REFLEX  CABLE DE COBRE UNIPOLAR MARRON 1,5",ELECTRICIDAD,"$141,352.03",20,
1-022-B,"BOBINA 500 MTS REFLEX  CABLE DE COBRE UNIPOLAR MARRON 2,5",ELECTRICIDAD,"$210,143.36",20,
1-023-B,BOBINA 500 MTS REFLEX  CABLE DE COBRE UNIPOLAR MARRON 4,ELECTRICIDAD,"$364,688.26",20,
1-024-B,"BOBINA 500 MTS REFLEX  CABLE DE COBRE UNIPOLAR NEGRO 1,5",ELECTRICIDAD,"$141,352.03",20,
1-025-B,"BOBINA 500 MTS REFLEX  CABLE DE COBRE UNIPOLAR NEGRO 2,5",ELECTRICIDAD,"$210,143.36",20,
1-026-B,BOBINA 500 MTS REFLEX  CABLE DE COBRE UNIPOLAR NEGRO 4,ELECTRICIDAD,"$364,688.26",20,
1-027-B,"BOBINA 500 MTS REFLEX  CABLE DE COBRE UNIPOLAR ROJO 1,5",ELECTRICIDAD,"$141,352.03",20,
1-028-B,"BOBINA 500 MTS REFLEX  CABLE DE COBRE UNIPOLAR ROJO 2,5",ELECTRICIDAD,"$210,143.36",20,
1-029-B,BOBINA 500 MTS REFLEX  CABLE DE COBRE UNIPOLAR ROJO 4,ELECTRICIDAD,"$364,688.26",20,
1-030-B,"BOBINA 500 MTS REFLEX  CABLE DE COBRE UNIPOLAR V Y A 1,5",ELECTRICIDAD,"$141,352.03",20,
1-031-B,"BOBINA 500 MTS REFLEX  CABLE DE COBRE UNIPOLAR V Y A 2,5",ELECTRICIDAD,"$210,143.36",20,
1-032-B,BOBINA 500 MTS REFLEX  CABLE DE COBRE UNIPOLAR V Y A 4,ELECTRICIDAD,"$364,688.26",20,
2-005,"BSTE X 6 CINTA DE EMBALAR TRANSPARENRTE 4,8 * 100M",FERRETERIA,"$14,542.32",20,
1-027-2,BUSCAPOLO CORRIENTE ALTERNA,ELECTRICIDAD,"$1,443.20",20,
2-031-BE,BUSCAPOLO ECO,ELECTRICIDAD,$370.83,20,
2-027,BUSCAPOLO ENGOMADO REFORZADO,FERRETERIA,"$1,731.91",20,
1-033,CAJA CABLE CANAL DE PVC EXTERIOR,ELECTRICIDAD,$542.25,20,
1-034,CAJA DE PASO CIRCULAR 9 X 5 CM,ELECTRICIDAD,$364.63,20,
1-035,CAJA DE PASO DE PVC 115X115X55,ELECTRICIDAD,"$1,504.35",20,
1-036,CAJA DE PASO DE PVC 115X115X75,ELECTRICIDAD,"$1,865.97",20,
1-037,CAJA DE PASO DE PVC 90X90X55,ELECTRICIDAD,"$1,240.97",20,
1-038,CAJA DE PASO DE PVC 90X90X75,ELECTRICIDAD,"$1,460.13",20,
1-039,CAJA METALICA CUADRADA GRANDE 10 X 10,ELECTRICIDAD,$856.53,20,
1-040,CAJA METALICA MIGNON,ELECTRICIDAD,$312.96,20,
1-041,CAJA METALICA OCTOGONAL CHICA,ELECTRICIDAD,$312.96,20,
1-042,CAJA METALICA OCTOGONAL GRANDE,ELECTRICIDAD,$691.81,20,
1-043,CAJA METALICA RECTANGULAR CHICA,ELECTRICIDAD,$329.10,20,
S-050-CRB,CAJA NORMALIZADA CUADRADA BLANCA,ELECTRICIDAD,"$1,391.56",20,
S-050-CRB,CAJA NORMALIZADA MIGNON BLANCA,ELECTRICIDAD,$419.64,20,
S-050-CRB,CAJA NORMALIZADA OCTOGONAL CHICA BLANCA,ELECTRICIDAD,$447.62,20,
S-050-CRB,CAJA NORMALIZADA OCTOGONAL GRANDE BLANCA,ELECTRICIDAD,$980.97,20,
S-050-COB,CAJA NORMALIZADA RECTANGULAR BLANCA,ELECTRICIDAD,$469.94,20,
1-044,CAJA P/TERMICA DE PVC 1 A 2 BOCAS,ELECTRICIDAD,$864.44,20,
1-045,CAJA P/TERMICA DE PVC 2 A 4 BOCAS,ELECTRICIDAD,"$1,459.73",20,
1-046,CAJA P/TERMICA DE PVC 4 A 8 BOCAS,ELECTRICIDAD,"$2,679.08",20,
1-047,CAJA P/TERMICA DE PVC 8 A 12 BOCAS,ELECTRICIDAD,"$4,454.23",20,
1-049-B,"CAJA PVC 3/4 A 1"" MIGNION NEGRAS",ELECTRICIDAD,$261.96,20,
1-049-B,CAJA PVC MIGNION NEGRAS,ELECTRICIDAD,$288.56,20,
1-048,"CAJAS PVC 3/4 A 1""  OCTOGONAL BLANCAS",ELECTRICIDAD,$281.05,20,
1-049,"CAJAS PVC 3/4 A 1""  OCTOGONAL NEGRAS",ELECTRICIDAD,$258.56,20,
1-050,"CAJAS PVC 3/4 A 1""  RECTANGULAR BLANCAS",ELECTRICIDAD,$281.05,20,
1-051,"CAJAS PVC 3/4 A 1""  RECTANGULAR NEGRAS",ELECTRICIDAD,$258.56,20,
M-050-COB,CAJAS PVC CAÑO 3/4 OCTOGONAL BLANCA,ELECTRICIDAD,$242.10,20,
M-051-COF,CAJAS PVC CAÑO 3/4 OCTOGONAL NEGRA,ELECTRICIDAD,$206.86,20,
M-051-CON,CAJAS PVC CAÑO 3/4 OCTOGONAL NEGRA,ELECTRICIDAD,$219.80,20,
M-050-CRB,CAJAS PVC CAÑO 3/4 RECTANGULAR BLANCA,ELECTRICIDAD,$242.10,20,
M-051-CRO,CAJAS PVC CAÑO 3/4 RECTANGULAR NEGRA,ELECTRICIDAD,$206.86,20,
M-051-CRN,CAJAS PVC CAÑO 3/4 RECTANGULAR NEGRA,ELECTRICIDAD,$219.80,20,
1-058,CALENTADOR INMERSION CORTO,FERRETERIA,"$3,212.22",20,
1-057,CALENTADOR INMERSION LARGO,FERRETERIA,"$3,212.22",20,
2-022-C,CANDADO BRONCE CANDEAL 20MM,FERRETERIA,"$1,398.36",20,
2-022-322,CANDADO BRONCE CANDELA 32MM,FERRETERIA,"$1,728.15",20,
2-023-C,CANDADO BRONCE CANDELA 38MM,FERRETERIA,"$1,958.56",20,
2-023-C,CANDADO BRONCE CANDELA 50MM,FERRETERIA,"$2,884.14",20,
2-022,CANDADO BRONCEADO 32 MM,FERRETERIA,"$1,578.55",20,
2-023,CANDADO BRONCEADO 38 MM,FERRETERIA,"$1,852.18",20,
2-023,CANDADO BRONCEADO 50 MM,FERRETERIA,"$3,030.85",20,
2-024,CANDADO BRONCEADO 63 MM,FERRETERIA,"$4,314.74",20,
2-024-63,CANDADO BRONCEADO 75 MM,FERRETERIA,"$6,173.38",20,
1-162,CANDELA FOCO LUZ CALIDA 07W,ELECTRICIDAD,$707.85,20,
1-163,CANDELA FOCO LUZ CALIDA 10W,ELECTRICIDAD,$733.00,20,
1-164,CANDELA FOCO LUZ CALIDA 12W,ELECTRICIDAD,$833.86,20,
1-165,CANDELA FOCO LUZ CALIDA 15W,ELECTRICIDAD,"$1,019.28",20,
1-166,CANDELA FOCO LUZ FRIA 07 W,ELECTRICIDAD,$707.85,20,
1-167,CANDELA FOCO LUZ FRIA 10 W,ELECTRICIDAD,$733.00,20,
1-168,CANDELA FOCO LUZ FRIA 12 W,ELECTRICIDAD,$833.86,20,
1-169,CANDELA FOCO LUZ FRIA 15 W,ELECTRICIDAD,"$1,019.28",20,
1-123,CANDELA HIGH POWER  GALPONERA 20W,ELECTRICIDAD,"$1,891.57",20,
1-124,CANDELA HIGH POWER  GALPONERA 30W,ELECTRICIDAD,"$2,333.27",20,
1-125,CANDELA HIGH POWER  GALPONERA 40W,ELECTRICIDAD,"$3,307.92",20,
11-002-100,CANDELA HIGH POWER GALPONERA 100 W,ILUMINACION,"$12,717.39",20,
1-126,CANDELA HIGH POWER GALPONERA 50W,ELECTRICIDAD,"$4,722.39",20,
11-001-70,CANDELA HIGH POWER GALPONERA 70 W,ILUMINACION,"$8,606.41",20,
1-242,CANDELA REFLECTOR GRANDES SUPERFICIES LED LUZ FRIA 100W,ELECTRICIDAD,"$13,656.35",20,
1-243,CANDELA REFLECTOR GRANDES SUPERFICIES LED LUZ FRIA 150W,ELECTRICIDAD,"$20,967.82",20,
1-244,CANDELA REFLECTOR GRANDES SUPERFICIES LED LUZ FRIA 200W,ELECTRICIDAD,"$28,998.05",20,
1-245,CANDELA REFLECTOR LED LUZ CALIDA 10W,ELECTRICIDAD,"$3,937.58",20,
1-246,CANDELA REFLECTOR LED LUZ CALIDA 20W,ELECTRICIDAD,"$4,599.59",20,
1-247,CANDELA REFLECTOR LED LUZ CALIDA 30W,ELECTRICIDAD,"$5,131.40",20,
1-248,CANDELA REFLECTOR LED LUZ CALIDA 50W,ELECTRICIDAD,"$6,967.84",20,
1-249,CANDELA REFLECTOR LED LUZ FRIA 10W,ELECTRICIDAD,"$3,937.58",20,
1-250,CANDELA REFLECTOR LED LUZ FRIA 20W,ELECTRICIDAD,"$4,599.59",20,
1-251,CANDELA REFLECTOR LED LUZ FRIA 30W,ELECTRICIDAD,"$5,131.40",20,
1-252,CANDELA REFLECTOR LED LUZ FRIA 50W,ELECTRICIDAD,"$6,967.84",20,
1-052,CAÑO RIGIDO PVC  SEMIPESADO 20 X 3MTS,ELECTRICIDAD,"$1,962.08",20,
1-053,CAÑO RIGIDO PVC  SEMIPESADO 22 X 3MTS,ELECTRICIDAD,"$2,622.05",20,
1-054,CAÑO RIGIDO PVC  SEMIPESADO 25 X 3MTS,ELECTRICIDAD,"$2,755.82",20,
5-CAT,CATALIZADOR X 1 LT,PINTURA,"$6,998.08",20,
GOMA 4 B,CAUCHO GOMA X 4 LTS BLANCA,PINTURA,"$26,754.49",20,
2-001,CEMENTO BLANCO 1 KG,FERRETERIA,"$1,487.29",20,
4-009,CEMENTO DE CONTACTO FANA 100 GRS,PEGAMENTO,"$2,952.02",20,
4-010,CEMENTO DE CONTACTO FANA 200 GRS,PEGAMENTO,"$4,375.66",20,
4-011,CEMENTO DE CONTACTO FANA 40 GRS,PEGAMENTO,"$2,237.57",20,
4-012,CEMENTO DE CONTACTO FANA 400 GRS,PEGAMENTO,"$7,537.04",20,
4-013,CEMENTO DE CONTACTO FANA 750 GRS,PEGAMENTO,"$12,436.13",20,
2-002,"CEPILLO CIRCULAR RIZADO P/AMOLADORA DE 4""",FERRETERIA,"$3,067.01",20,
Y-002-CC5,"CEPILLO CIRCULAR RIZADO P/AMOLADORA DE 5""",FERRETERIA,$879.47,20,
2-002-1,"CEPILLO CIRCULAR TRENZADO P/AMOLADORA DE 4""",FERRETERIA,"$3,067.01",20,
2-016,"CEPILLO COPA BRONCEADO 3""",FERRETERIA,"$2,056.69",20,
2-025,"CEPILLO COPA BRONCEADO 4""",FERRETERIA,"$3,427.65",20,
2-018-T,CEPILLO COPA TRENZADO 3¨,FERRETERIA,"$2,254.53",20,
2-017,"CEPILLO COPA TRENZADO 4""",FERRETERIA,"$3,136.76",20,
2-003,"CEPILLO DE BRONCE CON MANGO 9""",FERRETERIA,"$1,136.53",20,
2-028,CEPILLO DE METAL MANGO DE MADERA,FERRETERIA,"$1,808.82",20,
10-040-CER,CERA ABRILLANTADORA X 410 CM3,FERRETERIA,"$4,035.89",20,
GOMA 4 G,CHAUCHO GOMA X 4 L GRIS,PINTURA,"$23,384.57",20,
2-029,CHOCLA CON TIZA Y NIVEL,FERRETERIA,"$3,230.45",20,
2-800-ANT,CINTA ANTIDESLIZANTE X 5 MT,FERRETERIA,"$2,050.75",20,
5-062,CINTA DE ENMASCARAR 12 MM X 40 M,PINTURA,"$1,167.89",20,
5-063,CINTA DE ENMASCARAR 18 MM X 40 M,PINTURA,"$1,748.97",20,
5-064,CINTA DE ENMASCARAR 24 MM X 40 M,PINTURA,"$2,335.80",20,
5-065,CINTA DE ENMASCARAR 36 MM X 40 M,PINTURA,"$3,498.92",20,
5-066,CINTA DE ENMASCARAR 48 MM X 40 M,PINTURA,"$4,666.81",20,
5-067,CINTA DE ENMASCARAR CANDELA 18 MM,PINTURA,"$1,748.97",20,
5-068,CINTA DE ENMASCARAR CANDELA 24 MM,PINTURA,"$233,580.24",20,
5-092,CINTA DE ENMASCARAR GFP 18 MM,PINTURA,"$1,618.24",20,
5-063,CINTA DE ENMASCARAR GFP 24 MM,PINTURA,"$2,194.38",20,
5-064,CINTA DE ENMASCARAR GFP 36MM,PINTURA,"$3,427.13",20,
5-065,CINTA DE ENMASCARAR GFP 48MM,PINTURA,"$4,305.61",20,
5-063-P,CINTA DE PAPEL AZUL CANDELA 24 MM,FERRETERIA,"$2,260.00",20,
5-063-P,CINTA DE PAPEL AZUL CANDELA 24 MM,FERRETERIA,"$2,685.80",20,
5-065-C,CINTA DE PAPEL AZUL CANDELA 36 MM,FERRETERIA,"$5,125.90",20,
5-065-C,CINTA DE PAPEL AZUL CANDELA 36 MM,FERRETERIA,"$3,330.52",20,
2-007,CINTA DOBLE FAZ BLANCA,FERRETERIA,"$5,819.15",20,
SG-041-CE12,CINTA ENMASC TEK BOND 12,FERRETERIA,"$1,228.17",20,
SG-041-CE18,CINTA ENMASC TEK BOND 18,FERRETERIA,"$1,841.73",20,
SG-041-CE24,CINTA ENMASC TEK BOND 24,FERRETERIA,"$2,459.36",20,
SG-041-CE36,CINTA ENMASC TEK BOND 36,FERRETERIA,"$3,683.45",20,
SG-041-CE48,CINTA ENMASC TEK BOND 48,FERRETERIA,"$4,918.73",20,
5-091-GFP,CINTA ENMASCARAR GFP 12 MM,PINTURA,"$1,135.32",20,
MP-050-C28,CINTA MICROPERFORADA X25,PINTURA,"$2,221.08",20,
MP-050-C29,CINTA MICROPERFORADA X75,PINTURA,"$5,502.21",20,
2-008,CINTA MULTIPROPOSITO 9 MTS AMARILLO,FERRETERIA,"$3,884.46",20,
2-008,CINTA MULTIPROPOSITO 9 MTS AMARILLO,FERRETERIA,"$3,505.49",20,
2-009,CINTA MULTIPROPOSITO 9 MTS AZUL,FERRETERIA,"$3,505.49",20,
2-009,CINTA MULTIPROPOSITO 9 MTS AZUL,FERRETERIA,"$3,884.46",20,
2-010,CINTA MULTIPROPOSITO 9 MTS BCO,FERRETERIA,"$3,884.46",20,
2-010,CINTA MULTIPROPOSITO 9 MTS BCO,FERRETERIA,"$3,505.49",20,
2-011,CINTA MULTIPROPOSITO 9 MTS GRIS,FERRETERIA,"$3,505.49",20,
2-011,CINTA MULTIPROPOSITO 9 MTS GRIS,FERRETERIA,"$3,884.46",20,
2-012,CINTA MULTIPROPOSITO 9 MTS NEGRO,FERRETERIA,"$3,505.49",20,
2-012,CINTA MULTIPROPOSITO 9 MTS NEGRO,FERRETERIA,"$3,884.46",20,
2-013,CINTA MULTIPROPOSITO 9 MTS ROJA,FERRETERIA,"$3,505.49",20,
2-013,CINTA MULTIPROPOSITO 9 MTS ROJA,FERRETERIA,"$3,884.46",20,
5-074,CINTA NANO TAPE TRANSP. DOBLE FAZ 24 MM X 1 MT,PINTURA,"$1,288.03",20,
1-007-10M,CINTA PASACABLE 10 M,ELECTRICIDAD,"$3,290.63",20,
1-007-15M,CINTA PASACABLE 15M,ELECTRICIDAD,"$4,515.46",20,
1-007-25M,CINTA PASACABLE 20M,ELECTRICIDAD,"$4,935.93",20,
MP-050-C25,CINTA TRAMADA X 25,PINTURA,"$2,398.42",20,
MP-050-C26,CINTA TRAMADA X 45,PINTURA,"$3,752.17",20,
MP-050-C27,CINTA TRAMADA X 90,PINTURA,"$6,357.41",20,
4-018,COLA VINILICA 20 KGS,PEGAMENTO,"$94,419.12",20,
4-017,COLA VINILICA FANACOLA X 4 KG,PEGAMENTO,"$22,098.84",20,
4-014,COLA VINILICA-FANA 1 KG,PEGAMENTO,"$6,653.79",20,
4-015,COLA VINILICA-FANA 125 CC,PEGAMENTO,"$1,864.64",20,
4-016,COLA VINILICA-FANA 250 CC,PEGAMENTO,"$2,649.56",20,
4-017,COLA VINILICA-FANA 500 CC,PEGAMENTO,"$4,121.84",20,
1-061,CONECTOR CAÑO RIGIDO PVC 20,ELECTRICIDAD,$203.00,20,
1-062,CONECTOR CAÑO RIGIDO PVC 22,ELECTRICIDAD,$278.72,20,
1-063,CONECTOR CAÑO RIGIDO PVC 25,ELECTRICIDAD,$308.70,20,
1-064,CONECTOR METALICO 3/4,ELECTRICIDAD,$268.47,20,
1-065,CONECTOR METALICO 7/8,ELECTRICIDAD,$459.02,20,
5-070,CONVERTIDOR DE OXIDO MATE BLANCO 1/2 LT,PINTURA,"$4,995.60",20,
1-066,"CORRUGADO LIVIANO BLANCO 1"" 25M",ELECTRICIDAD,"$7,055.63",20,
1-067,CORRUGADO LIVIANO BLANCO 3/4 25M,ELECTRICIDAD,"$3,900.47",20,
1-068,CORRUGADO LIVIANO BLANCO 7/8 25M,ELECTRICIDAD,"$5,487.25",20,
1-069,"CORRUGADO LIVIANO NARANJA 1"" 25M",ELECTRICIDAD,"$5,849.38",20,
1-070,CORRUGADO LIVIANO NARANJA 3/4 25M,ELECTRICIDAD,"$3,418.98",20,
1-071,CORRUGADO LIVIANO NARANJA 7/8 25M,ELECTRICIDAD,"$4,432.01",20,
1-072,CORRUGADO NORMALIZADO BLANCO 1 25MM,ELECTRICIDAD,"$10,546.72",20,
1-074,CORRUGADO NORMALIZADO BLANCO 1 25MM,ELECTRICIDAD,"$10,677.90",20,
1-072,CORRUGADO NORMALIZADO BLANCO 3/4 25MM,ELECTRICIDAD,"$6,868.64",20,
1-073,CORRUGADO NORMALIZADO BLANCO 3/4 25MM,ELECTRICIDAD,"$6,883.28",20,
1-074,CORRUGADO NORMALIZADO BLANCO 7/8 25MM,ELECTRICIDAD,"$9,013.38",20,
1-073,CORRUGADO NORMALIZADO BLANCO 7/8 25MM,ELECTRICIDAD,"$9,058.23",20,
1-075,CURVA PARA CAÑO RIGIDO PVC 20,ELECTRICIDAD,$391.22,20,
1-076,CURVA PARA CAÑO RIGIDO PVC 22,ELECTRICIDAD,$366.99,20,
1-077,CURVA PARA CAÑO RIGIDO PVC 25,ELECTRICIDAD,$406.22,20,
2-014-3,CUTTER PLEGABLE +3 FILOS REPUESTO,FERRETERIA,"$3,100.31",20,
2-014,CUTTER PROFESIONAL CARRETEL METAL,FERRETERIA,$950.15,20,
Y-003-CPM,CUTTER PROFESIONAL CARRETEL METAL,FERRETERIA,"$1,213.99",20,
10-040-D1,DESOXIDANTE X 100 CM3,FERRETERIA,"$1,772.69",20,
10-005-P,DESTAPA CAÑERIAS PENETRIT X 1 LT,FERRETERIA,"$2,934.09",20,
10-004-P,DESTAPA CAÑERIAS PENETRIT X 500CM3,FERRETERIA,"$1,837.52",20,
2-232-DR,DESTORNILLADOR REVERSIBLE 4 USOS,FERRETERIA,"$1,849.33",20,
1-078,DICROICA LUZ CALIDA 5W,ELECTRICIDAD,"$1,012.19",20,
1-079,DICROICA LUZ CALIDA 7W,ELECTRICIDAD,"$1,083.79",20,
1-080,DICROICA LUZ FRIA 5W,ELECTRICIDAD,"$1,012.19",20,
1-081,DICROICA LUZ FRIA 7W,ELECTRICIDAD,"$1,076.99",20,
SG-036-N1,DISCO DE CORTE 115 X 1,FERRETERIA,$377.48,20,
SG-035-N16,"DISCO DE CORTE 115 X 1,6",FERRETERIA,$377.48,20,
2-D001-AB,"DISCO DE FIBRA 115 x 22,2",FERRETERIA,"$5,754.95",20,
2-016-D,DISCO DIAMANTADO 115 SEGMENTADO,FERRETERIA,"$2,992.54",20,
12-005-TURBO,DISCO DIAMANTADO TURBO 115X4.5,FERRETERIA,"$3,095.70",20,
12-005-TURBO,"DISCO DIAMANTADO TURBO 180 7""",FERRETERIA,"$6,804.81",20,
2-230-D7,"DISCO DIAMANTADO180 SEGMETADO 7 """,FERRETERIA,"$6,638.75",20,
SG-037-FL100,DISCO FLAP  100,FERRETERIA,"$1,002.30",20,
SG-037-F120,DISCO FLAP  120,FERRETERIA,"$1,002.30",20,
SG-037-FL40,DISCO FLAP  40,FERRETERIA,"$1,002.30",20,
SG-037-FL60,DISCO FLAP  60,FERRETERIA,"$1,002.30",20,
SG-037-FL80,DISCO FLAP  80,FERRETERIA,"$1,002.30",20,
2-230-D230,DISCO GRANDE 230 PARA MADERA 30 DIENTES,FERRETERIA,"$8,334.59",20,
2-016-LISO,"DISCO LISO DIAMANTADO 115 X 4.5 """,FERRETERIA,"$3,078.62",20,
2-230-D,DISCO PARA MADERA 115 30 DIENTES,FERRETERIA,"$3,313.39",20,
3-089-PUF,DISCO PARA PORCELANATO ULTRA FINO,FERRETERIA,"$6,866.45",20,
1-090-DS,"DISCO SEGMENTADO 9"" 230X22,2",FERRETERIA,"$10,253.09",20,
1-082,DISYUNTOR 4 POLOS 25A-30MA TIPO AC,ELECTRICIDAD,"$43,263.07",20,
1-083,DISYUNTOR 4 POLOS 40A-30MA TIPO AC,ELECTRICIDAD,"$43,263.07",20,
1-084,DISYUNTOR BIPOLAR 25A-30MA TIPO AC,ELECTRICIDAD,"$26,627.53",20,
1-085,DISYUNTOR BIPOLAR 40A-30MA TIPO AC,ELECTRICIDAD,"$26,627.53",20,
1-086,DRIVER 12 W,ELECTRICIDAD,"$1,557.40",20,
1-087,DRIVER 18 W,ELECTRICIDAD,"$1,633.39",20,
1-088,DRIVER 24 W,ELECTRICIDAD,"$1,823.34",20,
1-092,EMBUTIR CIOCCA BARI  1 TOMA 20 AMP,ELECTRICIDAD,"$1,596.19",20,
1-089,EMBUTIR CIOCCA BARI BINORMA 1 PUNTO,ELECTRICIDAD,"$1,152.58",20,
1-090,EMBUTIR CIOCCA BARI BINORMA 1 PUNTO Y 1 TOMA,ELECTRICIDAD,"$1,607.41",20,
1-091,EMBUTIR CIOCCA BARI BINORMA 1 TOMA,ELECTRICIDAD,"$1,205.04",20,
1-093,EMBUTIR CIOCCA BARI BINORMA 2 PUNTOS,ELECTRICIDAD,"$1,563.12",20,
1-094,EMBUTIR CIOCCA BARI BINORMA 2 PUNTOS Y 1 TOMA,ELECTRICIDAD,"$1,938.77",20,
1-095,EMBUTIR CIOCCA BARI BINORMA 2 TOMAS,ELECTRICIDAD,"$1,664.47",20,
1-100,EMBUTIR CIOCCA RECTA  1 TOMA 20 AMP,ELECTRICIDAD,"$1,455.29",20,
1-096,EMBUTIR CIOCCA RECTA BINORMA 1 PUNTO,ELECTRICIDAD,"$1,161.33",20,
1-098,EMBUTIR CIOCCA RECTA BINORMA 1 PUNTO Y 1 TOMA,ELECTRICIDAD,"$1,613.56",20,
1-097,EMBUTIR CIOCCA RECTA BINORMA 1 PUNTO Y 2 TOMA,ELECTRICIDAD,"$2,117.47",20,
1-099,EMBUTIR CIOCCA RECTA BINORMA 1 TOMA 10 A,ELECTRICIDAD,"$1,204.79",20,
1-101,EMBUTIR CIOCCA RECTA BINORMA 2 PUNTOS,ELECTRICIDAD,"$1,597.80",20,
1-102,EMBUTIR CIOCCA RECTA BINORMA 2 PUNTOS Y 1 TOMA,ELECTRICIDAD,"$2,041.67",20,
1-103,EMBUTIR CIOCCA RECTA BINORMA 2 TOMAS,ELECTRICIDAD,"$1,713.15",20,
1-100,EMBUTIR JELUZ VERONA  1 TOMA 20 AMP,ELECTRICIDAD,"$1,885.85",20,
1-096,EMBUTIR JELUZ VERONA 1 PUNTO,ELECTRICIDAD,"$1,357.70",20,
1-098,EMBUTIR JELUZ VERONA BINORMA 1 PUNTO Y 1 TOMA,ELECTRICIDAD,"$1,969.33",20,
1-099,EMBUTIR JELUZ VERONA BINORMA 1 TOMA 10 A,ELECTRICIDAD,"$1,368.46",20,
1-101,EMBUTIR JELUZ VERONA BINORMA 2 PUNTOS,ELECTRICIDAD,"$1,958.57",20,
1-103,EMBUTIR JELUZ VERONA BINORMA 2 TOMAS,ELECTRICIDAD,"$1,980.08",20,
5-072,ENDUIDO INTERIOR EXTERIOR MURELLA 1/2LT,PINTURA,"$1,751.71",20,
5-073,ENDUIDO INTERIOR EXTERIOR MURELLA 10LTS,PINTURA,"$19,513.29",20,
5-074,ENDUIDO INTERIOR EXTERIOR MURELLA 1LT,PINTURA,"$2,769.45",20,
5-075,ENDUIDO INTERIOR EXTERIOR MURELLA 20LTS,PINTURA,"$35,560.39",20,
5-076,ENDUIDO INTERIOR EXTERIOR MURELLA 4 LTS,PINTURA,"$8,994.29",20,
5-081,ENTONADORES AMARILLO 120 CC,PINTURA,"$1,500.00",20,
5-082,ENTONADORES AZUL 120 CC,PINTURA,"$1,500.00",20,
5-083,ENTONADORES BERMELLON 120 CC,PINTURA,"$1,500.00",20,
5-084,ENTONADORES CEDRO 120 CC,PINTURA,"$1,500.00",20,
5-085,ENTONADORES MARRON 120 CC,PINTURA,"$1,500.00",20,
5-086,ENTONADORES NARANJA 120 CC,PINTURA,"$1,500.00",20,
5-087,ENTONADORES NEGRO 120 CC,PINTURA,"$1,500.00",20,
5-088,ENTONADORES OCRE 120 CC,PINTURA,"$1,500.00",20,
5-089,ENTONADORES SIENA 120 CC,PINTURA,"$1,500.00",20,
5-090,ENTONADORES VERDE CLARO 120 CC,PINTURA,"$1,500.00",20,
5-091,ENTONADORES VERDE OSCURO 120 CC,PINTURA,"$1,500.00",20,
5-092,ENTONADORES VIOLETA 120 CC,PINTURA,"$1,500.00",20,
5-093,ESMALTE SINTETICO ALTA TEMPERATURA 1 LT,PINTURA,"$18,410.93",20,
5-094,ESMALTE SINTETICO ALTA TEMPERATURA 1/2 LT,PINTURA,"$10,314.15",20,
5-095,ESMALTE SINTETICO ALTA TEMPERATURA 1/4 LT,PINTURA,"$6,495.90",20,
5-096,ESMALTE SINTETICO MATE BLANCO 1/2 LT,PINTURA,"$5,269.41",20,
5-097,ESMALTE SINTETICO MATE BLANCO 1/4 LT,PINTURA,"$3,516.47",20,
5-098,ESMALTE SINTETICO MATE BLANCO 1LT,PINTURA,$920.39,20,
5-099,ESMALTE SINTETICO MATE NEGRO 1 LT,PINTURA,"$7,734.11",20,
5-100,ESMALTE SINTETICO MATE NEGRO 1/2 LT,PINTURA,"$4,759.46",20,
5-101,ESMALTE SINTETICO MATE NEGRO 1/4 LT,PINTURA,"$3,261.49",20,
5-102,ESMALTE SINTETICO PIZARRON 1/2 LT,PINTURA,"$5,133.56",20,
5-103,ESMALTE SINTETICO PIZARRON 1/4 LT,PINTURA,"$3,539.56",20,
5-104,ESMALTE SINTETICO PIZARRON 1LT,PINTURA,"$8,063.66",20,
5-105,ESMALTE SINTETICO SATINADO BLANCO 1 LT,PINTURA,"$9,824.64",20,
5-106,ESMALTE SINTETICO SATINADO BLANCO 1/2 LT,PINTURA,"$5,894.78",20,
5-107,ESMALTE SINTETICO SATINADO NEGRO 1 LT,PINTURA,"$7,943.34",20,
5-108,ESMALTE SINTETICO SATINADO NEGRO 1/2 LT,PINTURA,"$4,954.14",20,
5-114 - E,ESPATULA PARA CHAPISTA X 4 UNIDADES,FERRETERIA,"$1,031.91",20,
5-109,ESPATULAS MANGO DE PLASTICO 3 (30MM),PINTURA,"$1,030.60",20,
5-110,ESPATULAS MANGO DE PLASTICO 4 (40MM),PINTURA,"$1,067.74",20,
5-111,ESPATULAS MANGO DE PLASTICO 5 (50MM),PEGAMENTO,"$1,091.29",20,
5-112,ESPATULAS MANGO DE PLASTICO 6 (60MM),PINTURA,"$1,121.18",20,
5-112,ESPATULAS MANGO DE PLASTICO 8 (80 MM),PINTURA,"$1,121.18",20,
2-018,ESPUMA  OFERTA IMPERDIBLE DE POLIURETANO 500CC,FERRETERIA,"$5,790.31",20,
SG-041-E300,ESPUMA  POLIURETANO X 300,FERRETERIA,"$5,566.27",20,
SG-041-E500,ESPUMA  POLIURETANO X 500,FERRETERIA,"$7,302.13",20,
SG-041-E750,ESPUMA  POLIURETANO X 750,FERRETERIA,"$9,822.49",20,
2-019,ESPUMA DE POLIURETANO 300CC,FERRETERIA,"$4,922.53",20,
2-020,ESPUMA DE POLIURETANO 500CC,FERRETERIA,"$6,260.32",20,
2-021,ESPUMA DE POLIURETANO 750CC,FERRETERIA,"$8,640.00",20,
5-113,ESTOPA,PINTURA,$563.64,20,
5-112,ESTOPA,PINTURA,$563.64,20,
13-001-EX,EXHIBIDOR MOSTRADOR  PENETRIT,FERRETERIA,$1.16,20,
1-081-C,EXTERIOR TIRA LED CALIDA 5 MTS,ELECTRICIDAD,"$10,893.69",20,
1-081-,EXTERIOR TIRA LED LUZ FRIA 5 MT,ELECTRICIDAD,"$10,893.69",20,
4-039,FANASIL SILICONA A PINCEL X 14 KGRS,PEGAMENTO,"$408,011.14",20,
4-038,FANASIL SILICONA A PINCEL X 3 KGRS,PEGAMENTO,"$93,264.36",20,
4-036,FANASIL SILICONA A PINCEL X 350 GRS,PEGAMENTO,"$13,608.54",20,
1-037,FANASIL SILICONA A PINCEL X 750 GRS,PEGAMENTO,"$25,907.28",20,
1-104-BL,FICHA CALEFON BLANCA,ELECTRICIDAD,$609.38,20,
1-104,FICHA CALEFON NEGRA,ELECTRICIDAD,$609.38,20,
1-106,FICHA HEMBRA BLANCA C/ GRIS BINORMA  10A,ELECTRICIDAD,$660.40,20,
1-113-H,FICHA HEMBRA JELUZ 10A BCA C/MANIJA SALIDA LATERAL,ELECTRICIDAD,"$1,087.70",20,
1-114-H,FICHA HEMBRA JELUZ 10A NGO C/MANIJA SALIDA LATERAL,ELECTRICIDAD,"$1,087.70",20,
1-116,FICHA HEMBRA NEGRA BINORMA GFP 10A,ELECTRICIDAD,$660.40,20,
1-105,FICHA HEMBRA NEGRA BINORMA TIPO RICHI C/PRENSA CABLE  10A,ELECTRICIDAD,$588.15,20,
1-109-HR,FICHA HEMBRA PERNO REDONDO 10A,ELECTRICIDAD,$684.46,20,
1-112,FICHA MACHO BLANCA C/ GRIS  3 PATAS  10A,ELECTRICIDAD,$660.40,20,
1-109,FICHA MACHO CON PERNO REDONDO 10A,ELECTRICIDAD,$516.85,20,
1-113,FICHA MACHO JELUZ  10A BCO C/MANIJA SALIDA LATERAL,ELECTRICIDAD,"$1,147.02",20,
1-110,FICHA MACHO JELUZ  20A BCO C/MANIJA SALIDA LATERAL,ELECTRICIDAD,"$1,463.44",20,
1-114,FICHA MACHO JELUZ 10A NGO C/MANIJA SALIDA LATERAL,ELECTRICIDAD,"$1,147.02",20,
1-111,FICHA MACHO JELUZ 20A NGO C/MANIJA SALIDA LATERAL,ELECTRICIDAD,"$1,463.44",20,
1-112 -N,FICHA MACHO NEGRA 3 PATAS 10A GFP,ELECTRICIDAD,$660.40,20,
1-115,FICHA MACHO NEGRA TIPO RICHI C/PRENSA CABLE 10A,ELECTRICIDAD,$588.15,20,
1-108,FICHA MACHO VR PLAST BLANCA C/SALIDA LATERAL 10A,ELECTRICIDAD,$567.90,20,
1-117,FLORON BLANCO 12 CM,ELECTRICIDAD,$181.12,20,
1-118,FLORON BLANCO 15 CM,ELECTRICIDAD,$307.93,20,
1-117,FLORON BLANCO TRAMADO  12 CM,ELECTRICIDAD,$133.78,20,
1-118,FLORON BLANCO TRAMADO 15 CM,ELECTRICIDAD,$236.80,20,
M-052-FRB,FLORON RECTOR LISO BLANCO 12 CM,ELECTRICIDAD,$175.26,20,
1-153,FOCO FILAMENTO  GLOBO 6W,ELECTRICIDAD,"$3,112.88",20,
1-154,FOCO FILAMENTO CLASICA 4 W,ELECTRICIDAD,"$2,028.36",20,
1-155,FOCO FILAMENTO GOTA 4W,ELECTRICIDAD,"$1,722.96",20,
1-156,FOCO FILAMENTO TUBULAR 6W,ELECTRICIDAD,"$2,890.73",20,
1-157,FOCO GOTA  15 W ESPECILA PARA GUIRNALDAS,ELECTRICIDAD,$411.15,20,
1-133,FOCO INCANDECENTE GOTA 15W,ELECTRICIDAD,$457.92,20,
1-159,FOCO LED GLOBO LUZ FRIA 12 W,ELECTRICIDAD,"$3,571.09",20,
1-160,FOCO LED GOTA LUZ CALIDA 5W,ELECTRICIDAD,$975.84,20,
1-161,FOCO LED GOTA LUZ FRIA 5W,ELECTRICIDAD,$944.39,20,
1-291-FC,FOTOCELULA  CANDELA 1200 W 3 CONECTORES,ILUMINACION,"$3,825.05",20,
1-119,FOTOCELULA TREFI 3 CONECTORES,ELECTRICIDAD,"$5,909.19",20,
1-082-FU,FUENTE TIRA LED INTERIOR,ELECTRICIDAD,"$9,904.54",20,
1-298,GOTA LED VELA FRIA 5 W E 27,FERRETERIA,"$1,062.95",20,
1-149,GRAMPA DE FIJACION PVC 20,ELECTRICIDAD,$78.16,20,
1-121,GRAMPA DE FIJACION PVC 22,ELECTRICIDAD,$81.75,20,
1-122,GRAMPA DE FIJACION PVC 25,ELECTRICIDAD,$88.98,20,
3-004,GRASA AMARILLA TF-3 100 GRS,LUBRICANTES,"$1,289.02",20,
3-005,GRASA AMARILLA TF-3 250 GRS,LUBRICANTES,"$2,444.32",20,
3-006,GRASA AMARILLA TF-3 450 GRS,LUBRICANTES,"$4,138.40",20,
26-003-P,GRASA BLANCA EN AEROSOL X 250 CM3,FERRETERIA,"$5,050.81",20,
3-007,GRASA DE LITIO TF-3 100 GR,LUBRICANTES,"$1,322.94",20,
3-008,GRASA DE LITIO TF-3 250 GR,LUBRICANTES,"$2,461.22",20,
3-009,GRASA DE LITIO TF-3 450 GR,LUBRICANTES,"$4,187.08",20,
3-010,GRASA GRAFITADA TF-3 100 GRS,LUBRICANTES,"$1,492.26",20,
3-011,GRASA GRAFITADA TF-3 250 GRS,LUBRICANTES,"$2,785.54",20,
3-011-40,GRASA GRAFITADA TF-3 45 GRS,LUBRICANTES,$962.44,20,
3-012,GRASA PARA RODAMIENTOS TF-3 100 GRS,LUBRICANTES,"$1,305.14",20,
3-013,GRASA PARA RODAMIENTOS TF-3 250 GRS,LUBRICANTES,"$2,428.40",20,
1-080-C,INTERIOR TIRA LED PARA  LUZ CALIDA 5 MT,ELECTRICIDAD,"$8,459.59",20,
1-080,INTERIOR TIRA LED PARA LUZ FRIA 5 MT,ELECTRICIDAD,"$8,459.59",20,
1-128-BL,KING BOBINA CABLE PARALELO BLANCO  2 X 1.5 X 500 MT,ELECTRICIDAD,$0.00,20,
1-129-BL,KING BOBINA CABLE PARALELO BLANCO 2 X 2.5 X 300 MT,ELECTRICIDAD,$0.00,20,
1-131-TALLER,KING BOBINA CABLE TIPO TALLER 2 X 1.5 X 400 MT,FERRETERIA,$0.00,20,
1-132-TALLER,KING BOBINA CABLE TIPO TALLER 2 X 2.5 X 400 MT,ELECTRICIDAD,$0.00,20,
1-134 NEGRO,KING BOBINA CABLE UNIPOLAR NEGRO 1.5 X 800 MT,ELECTRICIDAD,$0.00,20,
1-147-NEGRO,KING BOBINA CABLE UNIPOLAR NEGRO 2.5 X 500 MT,ELECTRICIDAD,$0.00,20,
1-133-NEGRO,KING BOBINA CABLE UNIPOLAR NEGRO 4 X 400 MT,ELECTRICIDAD,$0.00,20,
1-136-ROJO,KING BOBINA CABLE UNIPOLAR ROJA 2.5 X 370 MT,ELECTRICIDAD,$0.00,20,
1-135-ROJO,KING BOBINA CABLE UNIPOLAR ROJO 1.5 X 800 MT,ELECTRICIDAD,$0.00,20,
1-135-ROJO,KING BOBINA CABLE UNIPOLAR ROJO 2.5 X 500 MT,ELECTRICIDAD,$0.00,20,
1-133-ROJO,KING BOBINA CABLE UNIPOLAR ROJO 4 X 400 MT,ELECTRICIDAD,$0.00,20,
1-127,KING CABLE PARALELO BLANCO 1 100M,ELECTRICIDAD,"$32,317.64",20,
1-128,"KING CABLE PARALELO BLANCO 1,5 100M",ELECTRICIDAD,"$43,090.18",20,
1-129,"KING CABLE PARALELO BLANCO 2,5 100M",ELECTRICIDAD,"$51,277.33",20,
1-130,KING CABLE PARALELO NEGRO 1 100M,ELECTRICIDAD,"$32,313.95",20,
1-131,"KING CABLE TIPO TALLER 2 X 1,5 100M",ELECTRICIDAD,"$67,898.08",20,
1-132,"KING CABLE TIPO TALLER 2 X 2,5 100M",ELECTRICIDAD,"$87,836.40",20,
1-133,KING CABLE TIPO TALLER 2 X 4 100M,ELECTRICIDAD,"$140,502.90",20,
1-152,"KING CABLE TIPO TALLER 3 X 2,5",ELECTRICIDAD,"$127,540.67",20,
1-134,"KING CABLE UNIPOLAR AZUL 1,5 100M",ELECTRICIDAD,"$17,265.07",20,
1-135,"KING CABLE UNIPOLAR AZUL 2,5 100M",ELECTRICIDAD,"$23,187.38",20,
1-136,KING CABLE UNIPOLAR AZUL 4 100M,ELECTRICIDAD,"$41,458.79",20,
1-137,"KING CABLE UNIPOLAR BLANCO 1,5 100M",ELECTRICIDAD,"$17,265.07",20,
1-138,"KING CABLE UNIPOLAR BLANCO 2,5 100M",ELECTRICIDAD,"$23,187.38",20,
1-139,KING CABLE UNIPOLAR BLANCO 4 100M,ELECTRICIDAD,"$41,458.79",20,
1-140,"KING CABLE UNIPOLAR MARRON 1,5 100M",ELECTRICIDAD,"$17,265.07",20,
1-141,"KING CABLE UNIPOLAR MARRON 2,5 100M",ELECTRICIDAD,"$23,187.38",20,
1-142,KING CABLE UNIPOLAR MARRON 4 100M,ELECTRICIDAD,"$41,458.79",20,
1-143,"KING CABLE UNIPOLAR NEGRO 1,5 100M",ELECTRICIDAD,"$17,265.07",20,
1-144,"KING CABLE UNIPOLAR NEGRO 2,5 100M",ELECTRICIDAD,"$23,187.38",20,
1-152,KING CABLE UNIPOLAR NEGRO 4 100M,ELECTRICIDAD,"$41,458.79",20,
1-146,"KING CABLE UNIPOLAR ROJO 1,5 100M",ELECTRICIDAD,"$17,265.07",20,
1-147,"KING CABLE UNIPOLAR ROJO 2,5 100M",ELECTRICIDAD,"$23,187.38",20,
1-148,KING CABLE UNIPOLAR ROJO 4 100M,ELECTRICIDAD,"$41,458.79",20,
1-149,"KING CABLE UNIPOLAR VERDE Y AMARILLO 1,5 100M",ELECTRICIDAD,"$17,265.07",20,
1-150,"KING CABLE UNIPOLAR VERDE Y AMARILLO 2,5 100M",ELECTRICIDAD,"$23,187.38",20,
1-151,KING CABLE UNIPOLAR VERDE Y AMARILLO 4 100M,ELECTRICIDAD,"$41,458.79",20,
12-037-D,KIT PARCHE PARA BICICLETA,FERRETERIA,"$1,315.33",20,
12-038-D,KIT PARCHE PARA PILETA,FERRETERIA,"$1,753.64",20,
4-018,KIT PARCHE X 200 CC,PEGAMENTO,"$13,485.23",20,
4-019,KIT PARCHE X 500 CC,PEGAMENTO,"$18,277.36",20,
11-006,KIT TALADRO  3 PIEZAS,FERRETERIA,"$5,580.73",20,
5-LCBB-1,LACA CATALIZABLE BLANCA BRILLANTE X 1 LT,PINTURA,"$11,957.02",20,
5-LCBB-018,LACA CATALIZABLE BLANCA BRILLANTE X 18 LTS,PINTURA,"$187,139.38",20,
5-LCBB-200,LACA CATALIZABLE BLANCA BRILLANTE X 200 LTS,PINTURA,"$1,950,863.27",20,
5-LCBB-4,LACA CATALIZABLE BLANCA BRILLANTE X 4 LTS,PINTURA,"$43,783.73",20,
5-LCBS-1,LACA CATALIZABLE BLANCA SATINADA X 1 LT,PINTURA,"$12,561.16",20,
5-LCBS-018,LACA CATALIZABLE BLANCA SATINADA X 18 LTS,PINTURA,"$198,014.12",20,
5-LCBS-200,LACA CATALIZABLE BLANCA SATINADA X 200 LTS,PINTURA,"$2,071,693.05",20,
5-LCBS-4,LACA CATALIZABLE BLANCA SATINADA X 4 LTS,PINTURA,"$46,200.53",20,
5-LCBT-1L,LACA CATALIZABLE TRANSPARENTE BRILLANTE X 1 L,PINTURA,$0.00,20,
5-LCBT-018,LACA CATALIZABLE TRANSPARENTE BRILLANTE X 18 LTS,PINTURA,"$158,977.74",20,
5-LCBT-200,LACA CATALIZABLE TRANSPARENTE BRILLANTE X 200 LTS,PINTURA,"$1,637,956.13",20,
5-LCBT-4L,LACA CATALIZABLE TRANSPARENTE BRILLANTE X 4 L,PINTURA,$0.00,20,
5-LCST-1L,LACA CATALIZABLE TRANSPARENTE SATINADA X 1 L,PINTURA,$0.00,20,
5-LCST-018,LACA CATALIZABLE TRANSPARENTE SATINADA X 18 LTS,PINTURA,"$165,763.57",20,
5-LCST-200,LACA CATALIZABLE TRANSPARENTE SATINADA X 200 LTS,PINTURA,"$1,713,353.92",20,
5-LCST-4L,LACA CATALIZABLE TRANSPARENTE SATINADA X 4 L,PINTURA,$0.00,20,
5-LCTR18-C,LACA CATALIZABLE X 18 LTS,PINTURA,"$158,355.17",20,
5-118,LASUR IMPREGNANTE BRILLANTE ALGARROBO 1 LT,PINTURA,"$8,936.41",20,
5-119,LASUR IMPREGNANTE BRILLANTE ALGARROBO 1/2 LT,PINTURA,"$4,894.29",20,
5-120,LASUR IMPREGNANTE BRILLANTE ALGARROBO 4 LTS,PINTURA,"$31,195.87",20,
5-121,LASUR IMPREGNANTE BRILLANTE CAOBA 1 LT,PINTURA,"$8,936.41",20,
5-122,LASUR IMPREGNANTE BRILLANTE CAOBA 1/2 LT,PINTURA,"$5,075.56",20,
5-123,LASUR IMPREGNANTE BRILLANTE CAOBA 4 LTS,PINTURA,"$31,195.87",20,
5-124,LASUR IMPREGNANTE BRILLANTE CEDRO 1 LT,PINTURA,"$8,936.41",20,
5-125,LASUR IMPREGNANTE BRILLANTE CEDRO 1/2 LT,PINTURA,"$4,894.29",20,
5-126,LASUR IMPREGNANTE BRILLANTE CEDRO 4 LTS,PINTURA,"$31,195.87",20,
5-127,LASUR IMPREGNANTE BRILLANTE NATURAL 1 LT,PINTURA,"$8,936.41",20,
5-128,LASUR IMPREGNANTE BRILLANTE NATURAL 1/2 LT,PINTURA,"$4,894.29",20,
5-129,LASUR IMPREGNANTE BRILLANTE NATURAL 4 LTS,PINTURA,"$31,195.87",20,
5-130,LASUR IMPREGNANTE BRILLANTE NOGAL 1 LT,PINTURA,"$8,936.41",20,
5-131,LASUR IMPREGNANTE BRILLANTE NOGAL 1/2 LT,PINTURA,"$4,894.29",20,
5-132,LASUR IMPREGNANTE BRILLANTE NOGAL 4 LT,PINTURA,"$31,195.87",20,
5-133,LASUR IMPREGNANTE BRILLANTE ROBLE 1 LT,PINTURA,"$8,936.41",20,
5-134,LASUR IMPREGNANTE BRILLANTE ROBLE 1/2 LT,PINTURA,"$4,894.29",20,
5-135,LASUR IMPREGNANTE BRILLANTE ROBLE 4 LTS,PINTURA,"$31,195.87",20,
5-136,LASUR IMPREGNANTE CRISTAL 4 LT,PINTURA,"$25,508.91",20,
5-137,LATEX ACRILICO INTERIOR FORZA 10 LTS,PINTURA,"$15,735.12",20,
5-138,LATEX ACRILICO INTERIOR FORZA 20 LTS,PINTURA,"$26,860.16",20,
5-139,LATEX ACRILICO INTERIOR FORZA 4 LTS,PINTURA,"$7,353.63",20,
5-136,LATEX ACRILICO INTERIOR PIACERE 1 LT,PINTURA,"$3,086.17",20,
26-008-AR,LATEX ARTEX X 20,PINTURA,"$28,584.70",20,
5-141,LATEX EXTERIOR INTERIOR PINTURELLA 1 LT BALDE ROJO,PINTURA,"$4,263.13",20,https://http2.mlstatic.com/D_NQ_NP_813589-MLA94069874115_102025-O.webp
5-142,LATEX EXTERIOR INTERIOR PINTURELLA 10 LTS BALDE ROJO,PINTURA,"$20,995.33",20,https://http2.mlstatic.com/D_NQ_NP_813589-MLA94069874115_102025-O.webp
5-143,LATEX EXTERIOR INTERIOR PINTURELLA 20 LTS BALDE ROJO,PINTURA,"$38,420.83",20,https://http2.mlstatic.com/D_NQ_NP_813589-MLA94069874115_102025-O.webp
5-144,LATEX EXTERIOR INTERIOR PINTURELLA 4 LTS BALDE ROJO,PINTURA,"$8,798.65",20,https://http2.mlstatic.com/D_NQ_NP_813589-MLA94069874115_102025-O.webp
5-145,LATEX EXTERIOR MURELLA 1 LT ( BALDE AMARILLO),PINTURA,"$4,408.70",20,
5-146,LATEX EXTERIOR MURELLA 10 LT ( BALDE AMARILLO),PINTURA,"$35,325.88",20,
5-147,LATEX EXTERIOR MURELLA 20 LT( BALDE AMARILLO),PINTURA,"$67,274.88",20,
5-148,LATEX EXTERIOR MURELLA 4 LT ( BALDE AMARILLO),PINTURA,"$15,364.79",20,
26-005-P,LATEX FASETEC X 10 LTS,PINTURA,"$17,270.63",20,
26-008-P,LATEX FASETEC X 20,PINTURA,"$31,376.75",20,
AU-001-LIE,LATEX OBRERA INTERIOR EXTERIOR X 1 LT,PINTURA,"$2,872.01",20,
AU-010-LIE,LATEX OBRERA INTERIOR EXTERIOR X 10 LTS,PINTURA,"$17,663.84",20,
AU-020-LIE,LATEX OBRERA INTERIOR EXTERIOR X 20 LTS,PINTURA,"$28,407.73",20,
AU-004-LIE,LATEX OBRERA INTERIOR EXTERIOR X 4 LTS,PINTURA,"$6,462.31",20,
15-003-L,LATEX TALENTO LAVABLE INTERIOR EXTERIOR  10 LTS,PINTURA,"$31,916.99",20,
15-001-L,LATEX TALENTO LAVABLE INTERIOR EXTERIOR 1 LT,PINTURA,"$4,010.85",20,
15-004-L,LATEX TALENTO LAVABLE INTERIOR EXTERIOR 20 LTS,PINTURA,"$60,025.43",20,
15-002-L,LATEX TALENTO LAVABLE INTERIOR EXTERIOR 4 LTS,PINTURA,"$14,997.09",20,
SG-040-TBL4,LATEX TEK BOND INTERIOR EXTERIOR ACRILICO X 4 LTS,PINTURA,"$8,018.27",20,
5-170,LIJA AL AGUA  400,FERRETERIA,$488.21,20,
5-149,LIJA AL AGUA 100,FERRETERIA,$488.21,20,
5-150,LIJA AL AGUA 1000,FERRETERIA,$596.75,20,
5-151,LIJA AL AGUA 120,FERRETERIA,$488.21,20,
5-152,LIJA AL AGUA 150,FERRETERIA,$488.21,20,
5-153,LIJA AL AGUA 1500,FERRETERIA,$596.75,20,
5-154,LIJA AL AGUA 180,FERRETERIA,$488.21,20,
5-155,LIJA AL AGUA 2000,FERRETERIA,$596.75,20,
5-156,LIJA AL AGUA 220,FERRETERIA,$488.21,20,
5-157,LIJA AL AGUA 240,FERRETERIA,$488.21,20,
5-158,LIJA AL AGUA 2500,FERRETERIA,$596.75,20,
5-159,LIJA AL AGUA 280,FERRETERIA,$454.57,20,
5-160,LIJA AL AGUA 320,FERRETERIA,$488.21,20,
5-161,LIJA AL AGUA 360,FERRETERIA,$488.21,20,
5-162,LIJA AL AGUA 400,FERRETERIA,$488.21,20,
5-163,LIJA AL AGUA 500,FERRETERIA,$488.21,20,
5-164,LIJA AL AGUA 60,FERRETERIA,$488.21,20,
5-165,LIJA AL AGUA 600,FERRETERIA,$488.21,20,
5-166,LIJA AL AGUA 80,FERRETERIA,$488.21,20,
5-167,LIJA AL AGUA 800,FERRETERIA,$596.75,20,
5-168,LIJA ROJA 100,FERRETERIA,$353.37,20,
5-169,LIJA ROJA 120,FERRETERIA,$353.37,20,
5-170,LIJA ROJA 150,FERRETERIA,$353.37,20,
5-171,LIJA ROJA 180,FERRETERIA,$353.37,20,
5-172,LIJA ROJA 60,FERRETERIA,$353.37,20,
5-173,LIJA ROJA 80,FERRETERIA,$353.37,20,
5-174,LIJA TELA ESMERIL 100,FERRETERIA,$767.45,20,
5-175,LIJA TELA ESMERIL 120,FERRETERIA,$767.45,20,
5-176,LIJA TELA ESMERIL 150,FERRETERIA,$767.45,20,
5-177,LIJA TELA ESMERIL 180,FERRETERIA,$767.45,20,
5-178,LIJA TELA ESMERIL 220,FERRETERIA,$767.45,20,
5-179,LIJA TELA ESMERIL 240,FERRETERIA,$767.45,20,
5-180,LIJA TELA ESMERIL 320,FERRETERIA,$767.45,20,
5-181,LIJA TELA ESMERIL 36,FERRETERIA,$767.45,20,
5-182,LIJA TELA ESMERIL 60,FERRETERIA,$767.45,20,
5-183,LIJA TELA ESMERIL 80,FERRETERIA,$767.45,20,
10-010-P,LIMPIA CONTACTO PENETRIT X 120,FERRETERIA,"$4,338.74",20,
10-011-P,LIMPIA CONTACTO PENETRIT X 200,FERRETERIA,"$5,879.59",20,
1-171,LINEA EXTERIOR 1 PUNTO,ELECTRICIDAD,$602.93,20,
11-015-2,LINEA EXTERIOR 2 PUNTOS,ELECTRICIDAD,$954.46,20,
1-172,LINEA EXTERIOR BINORMA 1 PUNTO + 1 TOMA,ELECTRICIDAD,"$1,260.68",20,
1-173,LINEA EXTERIOR BINORMA 1 TOMA,ELECTRICIDAD,$706.99,20,
1-175,LINEA EXTERIOR BINORMA 2 TOMA,ELECTRICIDAD,"$1,534.97",20,
1-179,LINEA EXTERIOR CAPSULADA  1TOMA 20 AMP,ELECTRICIDAD,"$2,966.01",20,
1-176,LINEA EXTERIOR CAPSULADA 1 PUNTO,ELECTRICIDAD,"$2,413.13",20,
1-177,LINEA EXTERIOR CAPSULADA BINORMA 1 TOMA,ELECTRICIDAD,"$2,430.79",20,
1-178,LINEA EXTERIOR CAPSULADA BINORMA 1PUNTO + 1 TOMA,ELECTRICIDAD,"$2,982.11",20,
1-180,LINEA EXTERIOR CAPSULADA BINORMA 2 TOMA,ELECTRICIDAD,"$2,982.11",20,
1-181,LINEA EXTERIOR CIOCCA 1 PULSADOR,FERRETERIA,$561.20,20,
11-014-V,LINEA EXTERIOR CIOCCA 1 TOMA  20 AMP ( VERTICAL ),FERRETERIA,"$1,723.78",20,
1-174,LINEA EXTERIOR CIOCCA 1 TOMA 20 AMP  ( HORIZONTAL),ELECTRICIDAD,"$1,955.74",20,
10-016-V,LINEA EXTERIOR CIOCCA 20 AMP   ( VERTICAL ),ELECTRICIDAD,"$1,671.01",20,
10-016-JB,LINEA SUPERFICIE  BLACK JELUZ 1 TOMA 10 A,ELECTRICIDAD,"$1,031.25",20,
10-017-JBPT,LINEA SUPERFICIE BLACK JELUZ 1 PUNTO Y 1 TOMA 10 A,ELECTRICIDAD,"$1,979.96",20,
10-017-JB20,LINEA SUPERFICIE BLACK JELUZ 1 TOMA 20 AMPERES,ELECTRICIDAD,"$2,114.83",20,
10-014-JB,LINEA SUPERFICIE BLACK JELUZ 2 TOMA 10 A,ELECTRICIDAD,"$1,027.19",20,
25-029-J,LINEA SUPERFICIE JELUZ 1 PULSADOR,ELECTRICIDAD,"$1,984.02",20,
10-014-J,LINEA SUPERFICIE JELUZ 1 PUNTO,ELECTRICIDAD,"$1,975.90",20,
10-017-J,LINEA SUPERFICIE JELUZ 1 PUNTO Y 1 TOMA 10 A,ELECTRICIDAD,"$1,074.56",20,
10-016-J,LINEA SUPERFICIE JELUZ 1 TOMA 10 A,ELECTRICIDAD,"$1,289.27",20,
10-017-J20,LINEA SUPERFICIE JELUZ 1 TOMA 20 AMPERES,ELECTRICIDAD,"$1,724.86",20,
10-014-6,LINEA SUPERFICIE JELUZ 2 PUNTOS,ELECTRICIDAD,$652.09,20,
10-015-J10A,LINEA SUPERFICIE JELUZ 2 TOMA 10 A,ELECTRICIDAD,$641.92,20,
2-034-22,LINGA PITON 22 MM,FERRETERIA,"$11,257.56",20,
LIQ-8,LIQ ENTONADOR X 120CC AZUL,PINTURA,"$1,000.00",20,
LIQ-5,LIQ ENTONADOR X 120CC BERMELLON,PINTURA,"$1,000.00",20,
LIQ-7,LIQ ENTONADOR X 120CC CEDRO,PINTURA,"$1,000.00",20,
LIQ-6,LIQ ENTONADOR X 120CC MARRON,PINTURA,"$1,000.00",20,
LIQ-4,LIQ. ESPATULA 3 ( 30MM),FERRETERIA,"$1,067.68",20,
LIQ-1,LIQ. ESPATULA 4 ( 40MM),PINTURA,"$1,067.68",20,
LIQ-2,LIQ. ESPATULA 5 ( 50MM),PINTURA,"$1,091.12",20,
LIQ-3,LIQ. ESPATULA 6 ( 60MM),PINTURA,"$1,121.12",20,
LIQ-10,LIQ.CEMENTO DE CONTACTO POR 500CC,PINTURA,"$3,999.45",20,
LIQ-11,LIQ.CEMENTO DE CONTACTO POR 800CC,PINTURA,"$7,000.00",20,
LIQ-4,LIQ.COLA VINILICA COLTEC  X 250CC,PINTURA,"$1,199.88",20,
LIQ-9,LIQ.PINCELES X 25,PINTURA,"$1,000.00",20,
3-002,LIQUIDACION AEROSOL GRAFITO EN POLVO 237 CC,LUBRICANTES,"$1,500.00",20,
1-012-R,LIQUIDACION CABLE DE COBRE TIPO TALLER 2X4 100M,ELECTRICIDAD,"$164,219.71",20,
1-142-R,LIQUIDACION CABLE DE COBRE TIPO TALLER 3 X 2.5 100M,ELECTRICIDAD,"$160,820.49",20,
1-031-L,LIQUIDACION CABLE DE COBRE UNIPOLAR  V Y A 2.5 100M,ELECTRICIDAD,"$33,010.32",20,
1-032-R,LIQUIDACION CABLE DE COBRE UNIPOLAR  V Y A 4 100M,ELECTRICIDAD,"$58,199.65",20,
1-015-L,LIQUIDACION CABLE DE COBRE UNIPOLAR AZUL 1X1.5,ELECTRICIDAD,"$22,204.25",20,
1-016-L,LIQUIDACION CABLE DE COBRE UNIPOLAR AZUL 1X2.5,ELECTRICIDAD,"$33,010.32",20,
1-107-L,LIQUIDACION CABLE DE COBRE UNIPOLAR AZUL 4 100 M,ELECTRICIDAD,"$57,286.98",20,
1-019-L,LIQUIDACION CABLE DE COBRE UNIPOLAR BLANCO 1 X 2.5,ELECTRICIDAD,"$33,010.32",20,
1-018-L,LIQUIDACION CABLE DE COBRE UNIPOLAR BLANCO 1X1.5,ELECTRICIDAD,"$22,204.25",20,
1-020-L,LIQUIDACION CABLE DE COBRE UNIPOLAR BLANCO 1X4,ELECTRICIDAD,"$57,286.98",20,
1-023-R,LIQUIDACION CABLE DE COBRE UNIPOLAR MARRON 1 X 4,ELECTRICIDAD,"$57,286.98",20,
1-021-L,LIQUIDACION CABLE DE COBRE UNIPOLAR MARRON 1X1.5,ELECTRICIDAD,"$22,204.25",20,
1-022-R,LIQUIDACION CABLE DE COBRE UNIPOLAR MARRON 1X2.5,ELECTRICIDAD,"$33,010.32",20,
1-024-L,LIQUIDACION CABLE DE COBRE UNIPOLAR NEGRO 1X1.5,ELECTRICIDAD,"$22,204.25",20,
1-025-L,LIQUIDACION CABLE DE COBRE UNIPOLAR NEGRO 1X2.5,ELECTRICIDAD,"$33,010.32",20,
1-026-L,LIQUIDACION CABLE DE COBRE UNIPOLAR NEGRO 4 100M,ELECTRICIDAD,"$57,286.98",20,
1-027-L,LIQUIDACION CABLE DE COBRE UNIPOLAR ROJO 1.5 100M,ELECTRICIDAD,"$22,204.25",20,
1-028-L,LIQUIDACION CABLE DE COBRE UNIPOLAR ROJO 2.5 100M,ELECTRICIDAD,"$33,010.32",20,
1-029-L,LIQUIDACION CABLE DE COBRE UNIPOLAR ROJO 4 100M,ELECTRICIDAD,"$22,204.25",20,
1-030-L,LIQUIDACION CABLE DE COBRE UNIPOLAR V Y A 1.5 100M,ELECTRICIDAD,"$22,204.25",20,
4-015- COLTEC,LIQUIDACION CEMENTO DE CONTACTO X 500 CM,PEGAMENTO,"$6,696.24",20,
4-013-COLTEC,LIQUIDACION CLTEC CEMENTO DE CONTACTO X 800,PEGAMENTO,"$10,900.84",20,
4-014-COLTEC,LIQUIDACION COLTEC COLA VINILICA X 250,PEGAMENTO,"$2,102.31",20,
5-109,LIQUIDACION ESPATULAS MANGO DE PLASTICO 3 (30MM),PINTURA,$950.96,20,
5-110,LIQUIDACION ESPATULAS MANGO DE PLASTICO 4 (40MM),PINTURA,"$1,045.00",20,
4-019,LIQUIDACION ESPATULAS MANGO DE PLASTICO 5 (50MM),PEGAMENTO,"$1,280.13",20,
5-111-6,LIQUIDACION ESPATULAS MANGO DE PLASTICO 6 (60MM),PEGAMENTO,"$1,266.54",20,
2-022,LIQUIDACION MANDRIL 20 CM,FERRETERIA,$552.14,20,
2-023,LIQUIDACION MANDRIL 25 CM,FERRETERIA,$612.38,20,
10-112-L,LIQUIDACION PINCELES 25,FERRETERIA,$785.64,20,
30-008,LIQUITECH CAUCHOGOMA   X 10  BLANCO,PINTURA,"$67,205.60",20,
30-002,LIQUITECH CAUCHOGOMA   X 10  GRIS CLARO,PINTURA,"$61,052.74",20,
30-005,LIQUITECH CAUCHOGOMA   X 10  NEGRO,PINTURA,"$61,096.00",20,
30-009,LIQUITECH CAUCHOGOMA   X 20  BLANCO,PINTURA,"$116,879.30",20,
30-003,LIQUITECH CAUCHOGOMA   X 20  GRIS CLARO,PINTURA,"$106,178.67",20,
30-006,LIQUITECH CAUCHOGOMA   X 20  NEGRO,PINTURA,"$106,253.91",20,
30-007,LIQUITECH CAUCHOGOMA   X 4  BLANCO,PINTURA,"$26,752.38",20,
30-001,LIQUITECH CAUCHOGOMA   X 4  GRIS CLARO,PINTURA,"$23,382.66",20,
30-004,LIQUITECH CAUCHOGOMA   X 4  NEGRO,PINTURA,"$23,382.66",20,
1-181,LISTON BAJO MESADA 09 W 60CM,ELECTRICIDAD,"$5,299.71",20,
1-182,LISTON BAJO MESADA 12 W 90CM,ELECTRICIDAD,"$6,273.68",20,
1-199,LISTON BAJO MESADA 18 W 120CM,ELECTRICIDAD,"$6,901.05",20,
1-181-1,LISTON BAJO MESADA 5W 30 CM,ELECTRICIDAD,"$4,661.93",20,
2-031C,LLAVE ALLEN CROMADA CORTA,FERRETERIA,"$2,888.44",20,
2-031,LLAVE ALLEN CROMADA LARGA,FERRETERIA,"$4,844.53",20,
2-054,LLAVE ALLEN NEGRA 10 PCS FT TI,FERRETERIA,"$2,002.51",20,
2-037,LLAVE MANDRIL 13MM,FERRETERIA,$858.72,20,
11-002,LLAVE MANDRIL 4 EN 1,FERRETERIA,"$3,313.39",20,
11-004,LLAVE PARA AMOLADORA,FERRETERIA,"$3,249.79",20,
2-055,LLAVE TORX 10 PCS TI,FERRETERIA,"$2,381.31",20,
2-032,LLAVE TORX CORTA CROMADA,FERRETERIA,"$3,930.46",20,
2-033,LLAVE TORX LARGA CROMADA,FERRETERIA,"$5,118.75",20,
SG-300-LUB,LUBRICANTE AEROSOL MULTIPROPOSITO X 300 ML,PINTURA,"$2,824.62",20,
26-001-P,LUBRICANTE EN GRASA PARA CADENA X 350 CC,FERRETERIA,"$5,022.12",20,
1-184,LUCES DE EMERGENCIA 30 LED,ELECTRICIDAD,"$9,467.80",20,
1-185,LUCES DE EMERGENCIA 60 LED,ELECTRICIDAD,"$14,792.52",20,
2-022,MANDRIL 20 CM,FERRETERIA,$659.45,20,
2-023,MANDRIL 25 CM,FERRETERIA,$731.42,20,
SG-040-TB,"MASILLA  PARA PLACA DE YESO X 1,5KG",FERRETERIA,"$2,299.75",20,
SG-039-TB,MASILLA  PARA PLACA DE YESO X 5 KG,FERRETERIA,"$6,437.45",20,
5-184,"MASILLA PARA PLACA DE YESO AKUAPLUS 1,7 KG",PINTURA,"$2,507.79",20,
5-185,MASILLA PARA PLACA DE YESO AKUAPLUS 16 KG,PINTURA,"$16,682.02",20,
5-186,MASILLA PARA PLACA DE YESO AKUAPLUS 32 KG,PINTURA,"$30,979.75",20,
5-187,MASILLA PARA PLACA DE YESO AKUAPLUS 7 KG,PINTURA,"$7,527.19",20,
5-199,MASILLA PARA VIDRIO Y SANITARIO 1 KG,FERRETERIA,"$1,867.10",20,
5-189,MASILLA PARA VIDRIO Y SANITARIO 500GR,FERRETERIA,"$1,104.42",20,
SG-040-TB,"MASILLA TEK BOND PARA PLACA DE YESO X 1,5KG",PINTURA,"$2,299.75",20,
SG-039-TB,MASILLA TEK BOND PARA PLACA DE YESO X 5 KG,PINTURA,"$6,437.45",20,
5-153,MASILLA TRADICIONAL + ENDURECEDOR X 1,PINTURA,"$8,496.79",20,
5-142,MASILLA TRADICIONAL + ENDURECEDOR X 1/2,PINTURA,"$6,640.55",20,
5-141,MASILLA TRADICIONAL + ENDURECEDOR X 1/4,PINTURA,"$5,444.87",20,
2-060-P,MECHA PREMIUM ZHIWEI WIDIA 10,ELECTRICIDAD,"$1,617.37",20,
2-060-P,MECHA PREMIUM ZHIWEI WIDIA 12,ELECTRICIDAD,"$2,497.87",20,
2-058-P,MECHA PREMIUM ZHIWEI WIDIA 6MM,FERRETERIA,"$1,005.92",20,
2-059-P,MECHA PREMIUM ZHIWEI WIDIA 8MM,ELECTRICIDAD,"$1,400.41",20,
2-060-10,MECHA SIN BLISTER WIDIA 10 MM,FERRETERIA,$817.83,20,
2-056-4,MECHA SIN BLISTER WIDIA 4 MM,FERRETERIA,$444.99,20,
2-057-5,MECHA SIN BLISTER WIDIA 5 MM,FERRETERIA,$481.06,20,
2-058,MECHA SIN BLISTER WIDIA 6 MM,FERRETERIA,$491.86,20,
2-059,MECHA SIN BLISTER WIDIA 8 MM,FERRETERIA,$697.55,20,
5-190,MEMBRANA LIQUIDA BLANCA 1 LT,PINTURA,"$4,249.91",20,
5-191,MEMBRANA LIQUIDA BLANCA 10 LTS,PINTURA,"$29,044.85",20,
5-192,MEMBRANA LIQUIDA BLANCA 20 LTS,PINTURA,"$52,600.11",20,
5-193,MEMBRANA LIQUIDA BLANCA 4 LTS,PINTURA,"$13,130.76",20,
5-194,MEMBRANA LIQUIDA ROJA 1 LT,PINTURA,"$4,249.91",20,
5-195,MEMBRANA LIQUIDA ROJA 10 LTS,PINTURA,"$29,044.85",20,
5-196,MEMBRANA LIQUIDA ROJA 20 LTS,PINTURA,"$52,600.11",20,
5-197,MEMBRANA LIQUIDA ROJA 4 LTS,PINTURA,"$13,130.76",20,
5-198,MEMBRANA LIQUIDA VERDE 1 LT,PINTURA,"$4,249.91",20,
5-199,MEMBRANA LIQUIDA VERDE 10 LTS,PINTURA,"$29,044.85",20,
5-200,MEMBRANA LIQUIDA VERDE 20 LTS,PINTURA,"$52,600.11",20,
5-201,MEMBRANA LIQUIDA VERDE 4 LTS,PINTURA,"$13,130.76",20,
1-152-M,MODULO CIOCCA 1 TOMA 10 AMP BINORMA,ELECTRICIDAD,$490.84,20,
1-152-M20A,MODULO CIOCCA 1 TOMA 20 AMP,ELECTRICIDAD,$716.29,20,
1-150-M,MODULO CIOCCA PUNTO UNIPOLAR,ELECTRICIDAD,$443.14,20,
1-151-M,MODULO CIOCCA TAPON CIEGO,ELECTRICIDAD,$72.30,20,
25-026-J,MODULO DOBLE PLATINUM TOMA 20 AMP,ELECTRICIDAD,$80.19,20,
10-010-J,MODULO JELUZ  TOMA DOBLE VERONA,ELECTRICIDAD,"$1,208.29",20,
10-013-J,MODULO JELUZ 1 TOMA 10 AMP BINORMA VERONA,ELECTRICIDAD,$794.28,20,
10-011-J,MODULO JELUZ PUNTO VERONA,ELECTRICIDAD,"$1,261.49",20,
10-012,MODULO JELUZ TAPON CIEGO VERONA,ELECTRICIDAD,$641.92,20,
11-016-1/2,MODULO MEDIO PUNTO DOBLE JELUZ,ELECTRICIDAD,$652.09,20,
10-013,MODULO PUNTO TECLON JELUZ PLATINUM,ELECTRICIDAD,"$1,862.17",20,
1-159-20,MODULO TOMA 20 AMP JELUZ,FERRETERIA,$971.90,20,
11-010-M,MODULO Y MEDIO 1 TOMA 10 AMP,ILUMINACION,$536.19,20,
11-011-M,MODULO Y MEDIO TECLON,ELECTRICIDAD,$538.54,20,
25-028-J,MODULOS PLATINUM JELUZ 1 PUNTO,ELECTRICIDAD,"$1,866.00",20,
25-027-J,MODULOS PLATINUM JELUZ 1 TOMA 10 AMP,ELECTRICIDAD,"$1,993.11",20,
1-297,PAR DE ZOCALOS G 13 P/TUBO LED,ELECTRICIDAD,"$1,264.52",20,
26-002-P,PASACABLE X 250 CM,FERRETERIA,"$3,946.77",20,
5-070,PASTA DE PULIR FINA  1 KGS,PINTURA,"$10,262.95",20,
5-074,PASTA DE PULIR FINA 1/2 KGS,PINTURA,"$6,606.87",20,
5-073,PASTA DE PULIR GRUESA 1/2 KGS,PINTURA,"$6,529.81",20,
5-072,PASTA DE PULIR GRUESA X 1 KGS,PINTURA,"$9,837.76",20,
10-001-P,PENETRIT  MULTIUSO X 220 CC,FERRETERIA,"$3,240.83",20,
10-002-P,PENETRIT MULTIUSO X 440 CC,FERRETERIA,"$4,591.09",20,
10-007-P,PENETRIT QUITA SARRO X 1 LT,FERRETERIA,"$3,537.21",20,
10-006-P,PENETRIT QUITA SARRO X 500 CC,FERRETERIA,"$2,178.02",20,
11-003,PIEDRA MONTADA X 5 PIEZAS CHICAS,FERRETERIA,"$2,247.87",20,
5-202,PINCELES 07,PINTURA,"$1,339.16",20,
5-203,PINCELES 10,PINTURA,"$1,520.18",20,
5-204,PINCELES 15,PINTURA,"$1,934.64",20,
5-205,PINCELES 20,PINTURA,"$2,331.91",20,
5-206,PINCELES 25,PINTURA,"$2,538.55",20,
5-207,PINCELES 30,PINTURA,"$2,437.01",20,
5-208,PINCELETAS 40,PINTURA,"$1,632.09",20,
5-209,PINTURA ASFALTICA ALFA 1 LTS,PINTURA,"$4,223.89",20,
5-210,PINTURA ASFALTICA ALFA 10 LTS,PINTURA,"$13,928.95",20,
5-211,PINTURA ASFALTICA ALFA 18 LTS,PINTURA,"$31,435.28",20,
5-212,PINTURA ASFALTICA ALFA 4 LTS,PINTURA,"$48,857.65",20,
5-788,PINTURA PARA PILETA X 20 LTS CELESTE,PINTURA,"$50,982.40",20,
5-568,PINTURA PARA PILETA X 4 LTS CELESTE,PINTURA,"$21,533.42",20,
5-PP20,PINTURA PARA PISO X 20 LTS GRIS,PINTURA,"$109,005.00",20,
12-006-AMPERO,PINZA AMPEROMETRICA,ELECTRICIDAD,"$15,875.21",20,
11-005,PINZA PELACABLE,FERRETERIA,"$3,051.88",20,
12-030-,PIPETA 11/4PULGADA,FERRETERIA,$999.71,20,
1-186,PIRAMIDE MULTIFICHA PATA CHATA,ELECTRICIDAD,"$1,574.80",20,
2-031,PISTOLA APLICADORA DE SILICONA PROFESIONAL,FERRETERIA,"$5,477.15",20,
Y-001-PASP,PISTOLA APLICADORA PROFESIONAL,FERRETERIA,"$6,805.47",20,
2-032-C,PISTOLA CANDELA PARA BARRA DE SILICONA 40 W,FERRETERIA,"$5,209.04",20,
2-032,PISTOLA CANDELA PARA BARRA SILICONA 10W,FERRETERIA,"$3,806.62",20,
2-060-PAA,PISTOLA DE ALUMINIO EXPERTO PARA SILICONA,ELECTRICIDAD,"$8,821.56",20,
2-033-P40,PISTOLA INPORTADA PARA BARRA SILICONA 40W,FERRETERIA,"$4,741.38",20,
12-002-N12,PLAFON BLACK FRIO CUADRADO EMBUTIR 12 W,ELECTRICIDAD,"$4,637.91",20,
12-002-N,PLAFON BLACK FRIO CUADRADO EMBUTIR 18 W,ELECTRICIDAD,"$6,271.36",20,
12-002-N12,PLAFON BLACK FRIO CUADRADO EXTERIOR 12 W,ELECTRICIDAD,"$4,942.93",20,
12-004-N,PLAFON BLACK FRIO CUADRADO EXTERIOR 18 W,ELECTRICIDAD,"$7,316.58",20,
12-002-N12,PLAFON BLACK FRIO REDONDO EMBUTIR 12 W,ILUMINACION,"$4,386.53",20,
12-001-N,PLAFON BLACK FRIO REDONDO EMBUTIR 18 W,ILUMINACION,"$5,524.76",20,
12-002-N12,PLAFON BLACK FRIO REDONDO EXTERIOR 12 W,ELECTRICIDAD,"$4,642.37",20,
12-003-N,PLAFON BLACK FRIO REDONDO EXTERIOR 18 W,ELECTRICIDAD,"$6,570.00",20,
1-187,PLAFON LED 60CM X 60 CM 40W FRIA,ELECTRICIDAD,"$30,184.15",20,
1-188,PLAFON LED 60CM X 60 CM 40W NEUTRA/NATURAL,ELECTRICIDAD,"$30,184.15",20,
1-187-48,PLAFON LED 60CM X 60 CM 48W FRIO,ELECTRICIDAD,"$32,692.53",20,
1-189,PLAFON LED CALIDO CUADRADO EMBUTIR 06 W,ELECTRICIDAD,"$3,158.68",20,
1-190,PLAFON LED CALIDO CUADRADO EMBUTIR 12 W,ELECTRICIDAD,"$4,601.52",20,
1-191,PLAFON LED CALIDO CUADRADO EMBUTIR 18 W,ELECTRICIDAD,"$6,081.97",20,
1-192,PLAFON LED CALIDO CUADRADO EMBUTIR 24 W,ELECTRICIDAD,"$11,009.63",20,
1-193,PLAFON LED CALIDO CUADRADO EXTERIOR 06 W,ELECTRICIDAD,"$4,061.08",20,
1-194,PLAFON LED CALIDO CUADRADO EXTERIOR 12 W,ELECTRICIDAD,"$5,565.21",20,
1-195,PLAFON LED CALIDO CUADRADO EXTERIOR 18 W,ELECTRICIDAD,"$5,820.07",20,
1-196,PLAFON LED CALIDO CUADRADO EXTERIOR 24 W,ELECTRICIDAD,"$12,208.90",20,
1-197,PLAFON LED CALIDO REDONDO EMBUTIR 06 W,ELECTRICIDAD,"$2,983.18",20,
1-198,PLAFON LED CALIDO REDONDO EMBUTIR 12 W,ELECTRICIDAD,"$4,211.49",20,
1-199,PLAFON LED CALIDO REDONDO EMBUTIR 18 W,ELECTRICIDAD,"$5,241.72",20,
1-200,PLAFON LED CALIDO REDONDO EMBUTIR 24 W,ELECTRICIDAD,"$9,908.68",20,
1-201,PLAFON LED CALIDO REDONDO EXTERIOR 06 W,ELECTRICIDAD,"$3,873.10",20,
1-202,PLAFON LED CALIDO REDONDO EXTERIOR 12 W,ELECTRICIDAD,"$5,226.82",20,
1-203,PLAFON LED CALIDO REDONDO EXTERIOR 18 W,ELECTRICIDAD,"$6,281.97",20,
1-204,PLAFON LED CALIDO REDONDO EXTERIOR 24 W,ELECTRICIDAD,"$10,616.43",20,
1-205,PLAFON LED FRIO CUADRADO EMBUTIR 06 W,ELECTRICIDAD,"$3,158.68",20,
1-206,PLAFON LED FRIO CUADRADO EMBUTIR 12 W,ELECTRICIDAD,"$4,601.52",20,
1-207,PLAFON LED FRIO CUADRADO EMBUTIR 18 W,ELECTRICIDAD,"$6,081.97",20,
1-208,PLAFON LED FRIO CUADRADO EMBUTIR 24 W,ELECTRICIDAD,"$11,009.63",20,
1-209,PLAFON LED FRIO CUADRADO EXTERIOR 06 W,ELECTRICIDAD,"$4,061.08",20,
1-210,PLAFON LED FRIO CUADRADO EXTERIOR 12 W,ELECTRICIDAD,"$5,565.21",20,
1-211,PLAFON LED FRIO CUADRADO EXTERIOR 18 W,ELECTRICIDAD,"$7,042.26",20,
1-212,PLAFON LED FRIO CUADRADO EXTERIOR 24 W,ELECTRICIDAD,"$12,208.90",20,
1-213,PLAFON LED FRIO REDONDO EMBUTIR 06 W,ELECTRICIDAD,"$2,983.18",20,
1-214,PLAFON LED FRIO REDONDO EMBUTIR 12 W,ELECTRICIDAD,"$4,211.49",20,
1-215,PLAFON LED FRIO REDONDO EMBUTIR 18 W,ELECTRICIDAD,"$5,241.72",20,
1-216,PLAFON LED FRIO REDONDO EMBUTIR 24 W,ELECTRICIDAD,"$9,908.68",20,
1-217,PLAFON LED FRIO REDONDO EXTERIOR 06 W,ELECTRICIDAD,"$3,873.10",20,
1-218,PLAFON LED FRIO REDONDO EXTERIOR 12 W,ELECTRICIDAD,"$5,226.82",20,
1-219,PLAFON LED FRIO REDONDO EXTERIOR 18 W,ELECTRICIDAD,"$6,281.97",20,
1-220,PLAFON LED FRIO REDONDO EXTERIOR 24 W,ELECTRICIDAD,"$10,616.43",20,
1-187-RECT,PLAFON RECTANGULAR 30X120 EMBUTIR FRIO 48 W,ELECTRICIDAD,"$36,418.74",20,
15-412-CG10,POLACRIN MEMBRANA BASE CAUCHO GRIS 20 LT,PINTURA,"$100,624.55",20,
15-412-CG4,POLACRIN MEMBRANA BASE CAUCHO GRIS 4 LTS,PINTURA,"$22,967.40",20,
15-412-CG20,POLACRIN MEMBRANA BASE CAUCHO NEGRO 20LT,PINTURA,"$100,624.55",20,
15-412-CG4,POLACRIN MEMBRANA BASE CAUCHO NEGRO 4 LT,PINTURA,"$22,967.40",20,
15-412-CG20,POLACRIN MEMBRANA BASE CAUCHO ROJO 20 LT,PINTURA,"$100,624.55",20,
15-412-CG4,POLACRIN MEMBRANA BASE CAUCHO ROJO 4 LTS,PINTURA,"$22,967.40",20,
10-008-P,POLISH PENITRIT X 500 CC,FERRETERIA,"$4,259.25",20,
1-061,PORTA TUBO LED PARA 1 TUBO 18W,ELECTRICIDAD,"$3,200.82",20,
1-066,PORTA TUBO LED PARA 1 TUBO 9W,ELECTRICIDAD,"$2,635.96",20,
1-061,PORTA TUBO LED PARA 1 TUBO LED,ELECTRICIDAD,"$2,065.86",20,
1-062,PORTA TUBO LED PARA 2 TUBOS 18W,ELECTRICIDAD,"$3,577.38",20,
1-221,PORTAFOCO C/ TECLA  TOMA PATA CHATA REGULABLE,ELECTRICIDAD,$682.06,20,
1-224,PORTALAMPARA 3 PIEZAS MARFIL,ELECTRICIDAD,$870.44,20,
1-225,PORTALAMPARA 3 PIEZAS NEGRO,ELECTRICIDAD,$687.78,20,
1-221,PORTALAMPARA C/ TECLA TOMA PATA CHATA REGULABLE,ELECTRICIDAD,$885.17,20,
1-222,PORTALAMPARA CERAMICO C/ESCUADRA,ELECTRICIDAD,$593.36,20,
1-223,PORTALAMPARA CERAMICO C/PUENTE,ELECTRICIDAD,$593.36,20,
2-041-B,PRECINTO BLANCO 2.5 X 100 MM X100,FERRETERIA,$628.20,20,
2-047-BL,PRECINTO BLANCO 4.8 X 450 MM X 100,FERRETERIA,"$4,715.56",20,
2-033,PRECINTOS BLANCO 3.6 X 150 MM X 100,FERRETERIA,"$1,408.27",20,
2-034,"PRECINTOS BLANCO 4,8 X 200 MM X 100",FERRETERIA,"$2,119.30",20,
2-035,"PRECINTOS BLANCO 4,8 X 250 MM X 100",FERRETERIA,"$2,602.52",20,
2-036,"PRECINTOS BLANCO 4,8 X 300 MM X 100",FERRETERIA,"$3,120.26",20,
2-037,"PRECINTOS BLANCO 4,8 X 400 MM X 100",FERRETERIA,"$4,431.87",20,
2-038,"PRECINTOS BLANCO 4,8 X 500 MM X 100",FERRETERIA,"$5,639.94",20,
2-039,"PRECINTOS BLANCO 7,6 X 300 MM X 100",FERRETERIA,"$3,669.21",20,
2-040,"PRECINTOS BLANCO 7,6 X 500 MM X 50",FERRETERIA,"$5,492.57",20,
2-041,"PRECINTOS NEGRO 2,5 X 100 MM X 100",FERRETERIA,$628.20,20,
2-042,"PRECINTOS NEGRO 3,6 X 150 MM X 100",FERRETERIA,"$1,408.27",20,
2-043,"PRECINTOS NEGRO 4,8 X 200 MM X 100",FERRETERIA,"$2,119.30",20,
2-044,"PRECINTOS NEGRO 4,8 X 250 MM X 100",FERRETERIA,"$2,602.52",20,
2-045,"PRECINTOS NEGRO 4,8 X 300 MM X 100",FERRETERIA,"$3,120.26",20,
2-046,"PRECINTOS NEGRO 4,8 X 400 MM X 100",FERRETERIA,"$4,431.87",20,
2-047,"PRECINTOS NEGRO 4,8 X 450 MM X 100",FERRETERIA,"$4,777.03",20,
2-048,"PRECINTOS NEGRO 4,8 X 500 MM X 100",FERRETERIA,"$5,639.94",20,
2-049,"PRECINTOS NEGRO 7,6 X 300 MM X 50",FERRETERIA,"$3,669.21",20,
2-050,"PRECINTOS NEGRO 7,6 X 500 MM X 50",FERRETERIA,"$5,492.57",20,
1-226,"PROLONGADOR 5 TOMA SIN TECLA BINORMA  1,5 MTS",ELECTRICIDAD,"$3,931.70",20,
1-227,PROLONGADOR 5 TOMA SIN TECLA BINORMA  3 MTS,ELECTRICIDAD,"$5,003.98",20,
1-228,PROLONGADOR 5 TOMA SIN TECLA BINORMA  5 MTS,ELECTRICIDAD,"$6,433.69",20,
1-229,"PROLONGADOR MULTI 5 TOMAS C/PROTECTOR TERMICO 1,5 MTS",ELECTRICIDAD,"$8,650.58",20,
1-231,PROLONGADOR MULTI 5 TOMAS C/PROTECTOR TERMICO 3 MTS,ELECTRICIDAD,"$10,218.50",20,
1-232,PROLONGADOR MULTI 5 TOMAS C/PROTECTOR TERMICO 5 MTS,ELECTRICIDAD,"$12,729.34",20,
1-233,"PROLONGADOR MULTI 5 TOMAS C/TECLA 1,5 MTS",ELECTRICIDAD,"$6,691.80",20,
1-234,PROLONGADOR MULTI 5 TOMAS C/TECLA 3 MTS,ELECTRICIDAD,"$8,885.35",20,
1-235,PROLONGADOR MULTI 5 TOMAS C/TECLA 5 MTS,ELECTRICIDAD,"$11,714.84",20,
1-236,"PROLONGADOR MULTIFICHA 2 TOMAS 1,5 MTS",ELECTRICIDAD,"$3,716.16",20,
1-237,PROLONGADOR MULTIFICHA 2 TOMAS 3 MTS,ELECTRICIDAD,"$6,096.38",20,
CCAMBIO,PROLONGADOR MULTIFICHA 5 TOMA C/TECLA 3 MT,ELECTRICIDAD,$0.00,20,
2-060,PUNTA MAGNETICA PH2 DOBLE LARGO X 10,FERRETERIA,"$2,976.61",20,
1-238,RECEPTACULO CURVO 1 PIEZA MARFIL,ELECTRICIDAD,$899.45,20,
1-239,RECEPTACULO CURVO 1 PIEZA NEGRO,ELECTRICIDAD,$864.59,20,
1-240,RECEPTACULO RECTO MARFIL,ELECTRICIDAD,"$1,200.54",20,
M-240,RECEPTACULO RECTO MARFIL,ELECTRICIDAD,$670.42,20,
M-241,RECEPTACULO RECTO NEGRO,ELECTRICIDAD,$586.12,20,
1-241,RECEPTACULO RECTO NEGRO,ELECTRICIDAD,$992.19,20,
1-055,REFECTOR LED TREFI LUZ FRIA 30 W,ELECTRICIDAD,"$6,648.85",20,
1-062,REFLECTOR CON SENSOR DE MOVIMIENTO 20W,ELECTRICIDAD,"$17,168.52",20,
1-253,REFLECTOR LED LUZ FRIA CON SENSOR DE MOVIMIETO 30 W,ELECTRICIDAD,"$20,369.18",20,
1-254,REFLECTOR LED LUZ FRIA CON SENSOR DE MOVIMIETO 50 W,ELECTRICIDAD,"$27,155.78",20,
1-057-R,REFLECTOR LED TREFI LUZ FRIA 10 W,ELECTRICIDAD,"$4,147.39",20,
1-056,REFLECTOR LED TREFI LUZ FRIA 20 W,ELECTRICIDAD,"$5,692.79",20,
1-245-TR,REFLECTOR TREFI LED LUZ FRIA 150W,ELECTRICIDAD,"$26,855.48",20,
1-246-TR,REFLECTOR TREFI LED LUZ FRIA 200W,ELECTRICIDAD,"$36,348.72",20,
1-252-1,REFLECTOR TREFI LED LUZ FRIA 50W,ELECTRICIDAD,"$9,792.87",20,
1-242TR,REFLECTOR TREFI X 100 W,ELECTRICIDAD,"$17,393.77",20,
1-007,REFLEX CABLE DE COBRE PARALELO 1 100M,ELECTRICIDAD,"$47,618.07",20,
1-008,"REFLEX CABLE DE COBRE PARALELO 1,5 100M",ELECTRICIDAD,"$61,807.07",20,
1-009,"REFLEX CABLE DE COBRE PARALELO 2,5 100M",ELECTRICIDAD,"$83,574.59",20,
1-311,REFLEX CABLE DE COBRE TIPO TALLER   5   X   1.5    100 MTS,ELECTRICIDAD,"$206,847.90",20,
1-312,REFLEX CABLE DE COBRE TIPO TALLER   5   X   2.5   100 MT,ELECTRICIDAD,"$298,229.34",20,
1-011,"REFLEX CABLE DE COBRE TIPO TALLER  2   X 2,5   100M",ELECTRICIDAD,"$132,519.02",20,
1-013,REFLEX CABLE DE COBRE TIPO TALLER 2   X    6    100M,ELECTRICIDAD,"$284,379.72",20,
1-010,"REFLEX CABLE DE COBRE TIPO TALLER 2   X  1,5   100M",ELECTRICIDAD,"$91,920.71",20,
1-010,"REFLEX CABLE DE COBRE TIPO TALLER 2 X 1,5 100M",ELECTRICIDAD,"$93,292.55",20,
1-011,"REFLEX CABLE DE COBRE TIPO TALLER 2 X 2,5 100M",ELECTRICIDAD,"$134,110.29",20,
1-012,REFLEX CABLE DE COBRE TIPO TALLER 2 X 4 100M,ELECTRICIDAD,"$206,409.79",20,
1-013,REFLEX CABLE DE COBRE TIPO TALLER 2 X 6 100M,ELECTRICIDAD,"$288,623.87",20,
1-142,"REFLEX CABLE DE COBRE TIPO TALLER 3   X   2,5 100M",ELECTRICIDAD,"$199,161.55",20,
1-142,"REFLEX CABLE DE COBRE TIPO TALLER 3 X 2,5 100M",ELECTRICIDAD,"$202,133.88",20,
1-311,REFLEX CABLE DE COBRE TIPO TALLER 5 X 1.5 100 MTS,ELECTRICIDAD,"$209,942.34",20,
1-312,REFLEX CABLE DE COBRE TIPO TALLER 5 X 2.5 100 MT,ELECTRICIDAD,"$302,690.85",20,
1-018,"REFLEX CABLE DE COBRE UNIPOLAR BLANCO 1,5 100M",ELECTRICIDAD,"$28,712.18",20,
1-019,"REFLEX CABLE DE COBRE UNIPOLAR BLANCO 2,5 100M",ELECTRICIDAD,"$42,685.43",20,
1-020,REFLEX CABLE DE COBRE UNIPOLAR BLANCO 4 100M,ELECTRICIDAD,"$74,077.38",20,
1-016-C,REFLEX CABLE DE COBRE UNIPOLAR CELESTE 1.5 100 M,ELECTRICIDAD,"$28,712.18",20,
1-016,"REFLEX CABLE DE COBRE UNIPOLAR CELESTE 2,5 100M",ELECTRICIDAD,"$42,685.43",20,
1-017,REFLEX CABLE DE COBRE UNIPOLAR CELESTE 4 100M,ELECTRICIDAD,"$74,077.38",20,
1-021,"REFLEX CABLE DE COBRE UNIPOLAR MARRON 1,5 100M",ELECTRICIDAD,"$28,712.18",20,
1-022,"REFLEX CABLE DE COBRE UNIPOLAR MARRON 2,5 100M",ELECTRICIDAD,"$42,685.43",20,
1-023,REFLEX CABLE DE COBRE UNIPOLAR MARRON 4 100M,ELECTRICIDAD,"$74,077.38",20,
1-024,"REFLEX CABLE DE COBRE UNIPOLAR NEGRO 1,5 100M",ELECTRICIDAD,"$28,712.18",20,
1-025,"REFLEX CABLE DE COBRE UNIPOLAR NEGRO 2,5 100M",ELECTRICIDAD,"$42,685.43",20,
1-026,REFLEX CABLE DE COBRE UNIPOLAR NEGRO 4 100M,ELECTRICIDAD,"$74,077.38",20,
1-027,"REFLEX CABLE DE COBRE UNIPOLAR ROJO 1,5 100M",ELECTRICIDAD,"$28,712.18",20,
1-028,"REFLEX CABLE DE COBRE UNIPOLAR ROJO 2,5 100M",ELECTRICIDAD,"$42,685.43",20,
1-029,REFLEX CABLE DE COBRE UNIPOLAR ROJO 4 100M,ELECTRICIDAD,"$74,077.38",20,
1-030,"REFLEX CABLE DE COBRE UNIPOLAR V Y A 1,5 100M",ELECTRICIDAD,"$28,712.18",20,
1-031,"REFLEX CABLE DE COBRE UNIPOLAR V Y A 2,5 100M",ELECTRICIDAD,"$42,685.43",20,
1-032,REFLEX CABLE DE COBRE UNIPOLAR V Y A 4 100M,ELECTRICIDAD,"$74,077.38",20,
1-300-R,REMACHADORA,FERRETERIA,"$5,387.92",20,
5-213,REMOVEDOR EN GEL 1 LT,PINTURA,"$8,302.36",20,
5-214,REMOVEDOR EN GEL 1/2 LT,PINTURA,"$5,027.48",20,
1-056,RESISTENCIA CALEFON DE BRONCE FOCO,FERRETERIA,"$4,206.64",20,
1-055,RESISTENCIA CALEFON DE BRONCE PULMON,FERRETERIA,"$4,180.00",20,
GG-002-RGBE,"RGB AVC EXTERIOR 14,4 W",ELECTRICIDAD,"$13,701.97",20,
GG-001-RGBI,"RGB AVC INTERIOR 14,4 W",ELECTRICIDAD,"$11,967.54",20,
5-215,RODILLO ANTIGOTA 17CM,PINTURA,"$2,894.41",20,
5-216,RODILLO ANTIGOTA 22CM,PINTURA,"$3,247.64",20,
5-217,RODILLO DE LANA PURA TUBO 40 17CM,PINTURA,"$5,201.22",20,
5-218,RODILLO DE LANA PURA TUBO 40 22CM,PINTURA,"$5,854.70",20,
5-219,RODILLO LANA PURA TUBO 50 22CM,PINTURA,"$6,412.12",20,
5-220,RODILLO MINI EPOXI 10 CM,PINTURA,$788.19,20,
5-221,RODILLO MINI EPOXI 5 CM,PINTURA,$627.28,20,
5-222,RODILLO MINI EPOXI 8 CM,PINTURA,$733.83,20,
5-223,RODILLO MINI FORRADO 10 CM,PINTURA,$706.36,20,
5-224,RODILLO MINI FORRADO 5 CM,PINTURA,$563.69,20,
5-225,RODILLO MINI FORRADO 8 CM,PINTURA,$635.02,20,
5-226,RODILLO SIMIL LANA 17CM,PINTURA,"$2,213.86",20,
5-227,RODILLO SIMIL LANA 22CM,PINTURA,"$2,509.97",20,
2-233-SBR,SACA BOCADO REFORZADO,FERRETERIA,"$6,638.75",20,
4-019,SELLA ROSCA 25CC,PEGAMENTO,"$1,153.08",20,
4-040,SELLADOR DE POLIURETANO PU 40 BLANCO X 280 ML,PEGAMENTO,"$9,461.47",20,
4-018,SELLADOR DE POLIURETANO PU 40 GRIS X 280 ML,PEGAMENTO,"$9,461.47",20,
4-018-N,SELLADOR DE POLIURETANO PU 40 NEGRA X 280 ML,PEGAMENTO,"$9,461.47",20,
5-SSB18L,"SELLADOR PARA MADERA ""SB"" X 18 LTS",PINTURA,"$148,530.53",20,
5-S118-1L,SELLADOR PARA MADERA 1118 X 1 LT,PINTURA,"$11,033.13",20,
5-S118-18,SELLADOR PARA MADERA 1118 X 18 LTS,PINTURA,"$170,896.84",20,
5-S118-200,SELLADOR PARA MADERA 1118 X 200 LTS,PINTURA,"$1,785,448.08",20,
5-S118-4L,SELLADOR PARA MADERA 1118 X 4 LTS,PINTURA,"$40,370.45",20,
5-SBS-1,SELLADOR PARA MADERA SB X 1 LT,PINTURA,$0.00,20,
5-SBS-18,SELLADOR PARA MADERA SB X 18 LTS,PINTURA,"$156,326.47",20,
5-SBS-200,SELLADOR PARA MADERA SB X 200 LTS,PINTURA,"$1,623,555.09",20,
5-SBS-4,SELLADOR PARA MADERA SB X 4 LTS,PINTURA,$0.00,20,
1-255,SENSOR DE MOVIMIENTO 180 BLANCO,ILUMINACION,"$14,301.44",20,
1-256,SENSOR DE MOVIMIENTO 180 NEGRO,ILUMINACION,"$14,301.44",20,
SG-041-SAB,SILICONA ACETICA BLANCA X 280,FERRETERIA,"$2,394.89",20,
4-032B,SILICONA ACETICA BLANCA X 85 GRS,PEGAMENTO,"$1,477.38",20,
SG-041-SAN,SILICONA ACETICA NEGRA X 280,FERRETERIA,"$2,394.89",20,
SG-041-SAT,SILICONA ACETICA TRANSPARENTE X 280,FERRETERIA,"$2,393.14",20,
4-032,SILICONA ACETICA TRANSPARENTE X 85 GRS,PEGAMENTO,"$1,927.26",20,
SG-050-AT,SILICONA ALTA TEMPERATURA X 50,PINTURA,"$1,951.05",20,
4-025,SILICONA NEUTRA BLANCA 280 MT,PEGAMENTO,"$3,307.11",20,
SG-041-SANB,SILICONA NEUTRA BLANCA X 280,PEGAMENTO,"$2,975.99",20,
4-033,SILICONA NEUTRA CANDELA X 85 GRS,PEGAMENTO,"$2,198.84",20,
4-026,SILICONA NEUTRA NEGRA 280 MT,PEGAMENTO,"$3,307.11",20,
SG-041-SANN,SILICONA NEUTRA NEGRA X 280,PEGAMENTO,"$3,387.76",20,
4-027,SILICONA NEUTRA TRANSPARENTE 280 MT,PEGAMENTO,"$3,307.11",20,
SG-041-SANT,SILICONA NEUTRA TRANSPARENTE X 280,PEGAMENTO,"$3,387.76",20,
4-028,SILICONA PEGA BACHA BLANCO 280CC,PEGAMENTO,"$8,463.98",20,
4-029,SILICONA PEGA BACHA GRIS 280CC,PEGAMENTO,"$8,463.98",20,
4-030,SILICONA SELLA GRIETAS PINTABLE 280ML,PEGAMENTO,"$5,157.22",20,
4-030-SG,SILICONA SELLA GRIETAS PINTABLE 280ML,PEGAMENTO,"$4,566.82",20,
4-031,SILICONA SELLA ZINGUERIA Y CANALETA COLOR ALUMINIO 280 MT,PEGAMENTO,"$8,746.10",20,
2-051,SODA CAUSTICA 1 K,FERRETERIA,"$2,145.70",20,
Z-001-40,SOLDADOR DE ESTAÑO 40 W,FERRETERIA,"$7,624.76",20,
Z-001-41,SOLDADOR DE ESTAÑO 60 W,FERRETERIA,"$8,129.20",20,
SDG-297-SDM,SPOT METALICO DICROICA 90 MM,FERRETERIA,"$2,089.09",20,
1-307,SPOT PARA DICROICA PVC CUADRADA BLANCA,ELECTRICIDAD,$795.66,20,
1-306,SPOT PARA DICROICA PVC REDONDO BLANCO,ELECTRICIDAD,$795.66,20,
15-010-L,TALENTO ENDUIDO INTERIOR EXTERIOR 1 LT,PINTURA,"$2,523.99",20,
15-012-L,TALENTO ENDUIDO INTERIOR EXTERIOR 10 LTS,PINTURA,"$16,880.96",20,
15-013-L,TALENTO ENDUIDO INTERIOR EXTERIOR 20 LTS,PINTURA,"$31,653.23",20,
15-011-L,TALENTO ENDUIDO INTERIOR EXTERIOR 4 LTS,PINTURA,"$7,911.19",20,
15-013-L,TALENTO FIJADOR SELLADOR 1 LTS,PINTURA,"$2,632.67",20,
15-014-L,TALENTO FIJADOR SELLADOR 10 LTS,PINTURA,"$16,746.44",20,
15-015-L,TALENTO FIJADOR SELLADOR 20 LTS,PINTURA,"$30,485.41",20,
15-014-L,TALENTO FIJADOR SELLADOR 4 LTS,PINTURA,"$7,658.10",20,
15-007-L,TALENTO MASILLA P / PLACA DE YESO 1.8 KGS,PINTURA,"$2,863.42",20,
15-008-L,TALENTO MASILLA P / PLACA DE YESO 15 KG,PINTURA,"$16,864.58",20,
15-009-L,TALENTO MASILLA P / PLACA DE YESO 32 KG,PINTURA,"$32,005.30",20,
15-007-L,TALENTO MASILLA P / PLACA DE YESO 6 KGS,PINTURA,"$8,192.94",20,
15-006-L,TALENTO PISCINA ACRILICO AQUOSA X 10 LTS,PINTURA,"$44,377.43",20,
15-005-L,TALENTO PISCINA ACRILICO AQUOSA X 4LTS,PINTURA,"$18,685.24",20,
1-277,TAPA A PRESION  CUADRADA,ELECTRICIDAD,$188.40,20,
1-259,TAPA A PRESION OCTOGONAL 115MM,ELECTRICIDAD,$165.55,20,
1-260,TAPA A PRESION OCTOGONAL 90MM,ELECTRICIDAD,$94.74,20,
1-2062-T,TAPA A TORNILLO CUADRADA,ELECTRICIDAD,$162.94,20,
1-259-T,TAPA A TORNILLO MIGNON,ELECTRICIDAD,$93.59,20,
1-260-T,TAPA A TORNILLO OCTOGONAL CHICA,ELECTRICIDAD,$101.09,20,
1-261-T,TAPA A TORNILLO OCTOGONAL GRANDE,ELECTRICIDAD,$183.97,20,
1-262-T,TAPA A TORNILLO RECTANGULAR,ELECTRICIDAD,$161.10,20,
1-152-M,TAPA BASTIDOR BARI 45,ELECTRICIDAD,$564.89,20,
1-154-M,TAPA BASTIDOR MAAT,ELECTRICIDAD,$742.45,20,
10-007-J,TAPA BASTIDOR MITO BORDE BLANCO,ELECTRICIDAD,"$1,866.00",20,
10-008-J,TAPA BASTIDOR MITO BORDE NEGRO,ELECTRICIDAD,"$1,993.11",20,
1-153-M,TAPA BASTIDOR RECTO,ELECTRICIDAD,$564.89,20,
10-009-J,TAPA BASTIDOR VERONA BLANCA 2000,ELECTRICIDAD,$968.07,20,
25-025-J,TAPA BASTIDOR VERONA NEGRO 2000,ELECTRICIDAD,"$1,869.83",20,
1-275,TERMICA 3 POLOS 16A-45KA CURVA C,ELECTRICIDAD,"$8,766.30",20,
1-261,"TERMICA 3 POLOS 20A-4,5KA CURVA C",ELECTRICIDAD,"$8,766.30",20,
1-262,"TERMICA 3 POLOS 25A-4,5KA CURVA C",ELECTRICIDAD,"$8,766.30",20,
1-263,"TERMICA 3 POLOS 32A-4,5KA CURVA C",ELECTRICIDAD,"$8,766.30",20,
1-276,TERMICA 3 POLOS 40A-45KA CURVA C,ELECTRICIDAD,"$10,258.43",20,
1-277,TERMICA 4 POLOS 16A-45KA CURVA C,ELECTRICIDAD,"$11,679.51",20,
1-264,"TERMICA 4 POLOS 20A-4,5KA CURVA C",ELECTRICIDAD,"$11,679.51",20,
1-265,"TERMICA 4 POLOS 25A-4,5KA CURVA C",ELECTRICIDAD,"$11,679.51",20,
1-266,"TERMICA 4 POLOS 32A-4,5KA CURVA C",ELECTRICIDAD,"$11,679.51",20,
1-270,TERMICA 4 POLOS 40A-45KA CURVA C,ELECTRICIDAD,"$13,677.91",20,
1-267,"TERMICA BIPOLAR 10A-4,5KA CURVA C",ELECTRICIDAD,"$5,835.32",20,
1-268,"TERMICA BIPOLAR 16A-4,5KA CURVA C",ELECTRICIDAD,"$5,835.32",20,
1-269,"TERMICA BIPOLAR 20A-4,5KA CURVA C",ELECTRICIDAD,"$5,835.32",20,
1-270,"TERMICA BIPOLAR 25A-4,5KA CURVA C",ELECTRICIDAD,"$5,835.32",20,
1-271,"TERMICA BIPOLAR 32A-4,5KA CURVA C",ELECTRICIDAD,"$5,835.32",20,
1-272,"TERMICA UNIPOLAR 10A-4,5KA CURVA C",ELECTRICIDAD,"$2,922.10",20,
1-310,TERMICA UNIPOLAR 10A-4.5KA CURVA C,ELECTRICIDAD,"$2,922.10",20,
1-273,"TERMICA UNIPOLAR 16A-4,5KA CURVA C",ELECTRICIDAD,"$2,922.10",20,
1-296,TERMICA UNIPOLAR 20A-4.5KA CURVA C,ELECTRICIDAD,"$2,922.10",20,
1-275,TERMICA UNIPOLAR 25A-4.5KA CURVA C,ELECTRICIDAD,"$2,922.10",20,
1-274,"TERMICA UNIPOLAR 32A-4,5KA CURVA C",ELECTRICIDAD,"$2,922.10",20,
SDG-297-TD,TESTER DIGITAL,FERRETERIA,"$6,621.13",20,
5-229,THINNER UNIVERSAL 1 LT,FERRETERIA,"$3,121.74",20,
5-228,THINNER UNIVERSAL 1/2 LT,PINTURA,"$2,012.56",20,
1-275,TIMBRE INALAMBRICO CUADRADO,ELECTRICIDAD,"$6,995.56",20,
1-276,TIMBRE INALAMBRICO REDONDO,ELECTRICIDAD,"$6,995.56",20,
5-230,TINTA PARA MADERA ALGARROBO 60CC,PINTURA,"$1,070.67",20,
5-231,TINTA PARA MADERA CAOBA 60CC,PINTURA,"$1,070.67",20,
5-232,TINTA PARA MADERA CEDRO 60CC,PINTURA,"$1,070.67",20,
5-233,TINTA PARA MADERA NOGAL 60CC,PINTURA,"$1,070.67",20,
5-234,TINTA PARA MADERA PETIRIBI 60CC,PINTURA,"$1,070.67",20,
5-235,TINTA PARA MADERA ROBLE CLARO 60CC,PINTURA,"$1,070.67",20,
5-236,TINTA PARA MADERA ROBLE OSCURO 60CC,PINTURA,"$1,070.67",20,
5-238,TINTA PARA MADERA VIRARO 60CC,PINTURA,"$1,070.67",20,
5-237,TINTA PARA MADERA WENGUE 60CC,PINTURA,"$1,070.73",20,
GG-001-E,TIRA LED AVC EXTERIOR CALIDA 12 W,ELECTRICIDAD,"$10,258.55",20,
GG-002-E,TIRA LED AVC EXTERIOR FRIA 12 W,ELECTRICIDAD,"$10,258.55",20,
GG-001-I,TIRA LED AVC INTERIOR CALIDA 12 W,ELECTRICIDAD,"$7,343.04",20,
GG-002-I,TIRA LED AVC INTERIOR FRIA 12 W,ELECTRICIDAD,"$7,343.04",20,
1-302,TORTUGA CON PORTALAMPARA PVC CON ARO,ELECTRICIDAD,"$2,409.03",20,
1-305,TORTUGA CON PORTALAMPARA PVC CON ARO,ELECTRICIDAD,"$2,409.03",20,
1-304,TORTUGA CON PORTALAMPARA PVC CON VISERA,ELECTRICIDAD,"$2,530.44",20,
1-303,TORTUGA CON PORTALAMPARA PVC CON VISERA,ELECTRICIDAD,"$2,530.44",20,
1-277,TORTUGAS LED OVAL BLANCA 08W,ELECTRICIDAD,"$3,542.01",20,
1-278,TORTUGAS LED OVAL BLANCA 18W,ELECTRICIDAD,"$4,658.12",20,
1-279,TORTUGAS LED OVAL BLANCA 24W,ELECTRICIDAD,"$7,148.61",20,
1-280,TORTUGAS LED OVAL NEGRA 08W,ELECTRICIDAD,"$3,542.01",20,
1-281,TORTUGAS LED OVAL NEGRA 18W,ELECTRICIDAD,"$4,658.12",20,
1-282,TORTUGAS LED OVAL NEGRA 24W,ELECTRICIDAD,"$7,148.61",20,
1-283,TORTUGAS LED REDONDA BLANCA 08 W,ELECTRICIDAD,"$3,818.74",20,
1-284,TORTUGAS LED REDONDA BLANCA 18 W,ELECTRICIDAD,"$5,214.13",20,
1-285,TORTUGAS LED REDONDA BLANCA 24 W,ELECTRICIDAD,"$7,324.95",20,
1-286,TORTUGAS LED REDONDA NEGRA 08 W,ELECTRICIDAD,"$3,818.74",20,
1-287,TORTUGAS LED REDONDA NEGRA 18 W,ELECTRICIDAD,"$5,214.13",20,
1-288,TORTUGAS LED REDONDA NEGRA 24 W,ELECTRICIDAD,"$7,324.95",20,
1-065,TREFI FOCO LED CALIDO 10 W,ELECTRICIDAD,$670.63,20,
1-066,TREFI FOCO LED CALIDO 12 W,ELECTRICIDAD,$792.25,20,
1-333,TREFI FOCO LED CALIDO 7 W,ELECTRICIDAD,$672.53,20,
1-063,TREFI FOCO LED FRIA 10 W,ELECTRICIDAD,$625.23,20,
1-061,TREFI FOCO LED FRIA 12 W,ELECTRICIDAD,$724.76,20,
1-068,TREFI FOCO LED FRIA 15 W,LUBRICANTES,$968.42,20,
1-064,TREFI FOCO LED FRIA 7 W,ILUMINACION,$672.53,20,
1-065,TREFI FOCO LED LUZ NEUTRA 7 W,ILUMINACION,$781.48,20,
1-123T,TREFI HIGH POWER GALPONERA 20W,ILUMINACION,"$2,099.82",20,
1-124T,TREFI HIGH POWER GALPONERA 30W,ILUMINACION,"$3,162.86",20,
1-125T,TREFI HIGH POWER GALPONERA 40W,ELECTRICIDAD,"$4,947.71",20,
1-126T,TREFI HIGH POWER GALPONERA 50W,ELECTRICIDAD,"$6,666.94",20,
1-209-TREFI,TREFI PLAFON LED FRIA CUADRADO EXTERIOR 6 W,ELECTRICIDAD,"$2,730.83",20,
1-220-TREFI,TREFI PLAFON LED FRIA REDONDO EXTERIOR 24 W,ELECTRICIDAD,"$7,185.12",20,
1-207-TREFI,TREFI PLAFON LED LUZ FRIA CUADRADO EMBUTIR 18 W,ELECTRICIDAD,"$4,818.40",20,
1-210-TREFI,TREFI PLAFON LED LUZ FRIA CUADRADO EXTERIOR  12 W,ELECTRICIDAD,"$3,738.21",20,
1-214-TREFI,TREFI PLAFON LED LUZ FRIA REDONDO EMBUTIR 12 W,ELECTRICIDAD,"$3,046.40",20,
1-216-TREFI,TREFI PLAFON LED LUZ FRIA REDONDO EMBUTIR 24 W,ELECTRICIDAD,"$6,942.38",20,
1-218-TREFI,TREFI PLAFON LED LUZ FRIA REDONDO EXTERIOR 12 W,ELECTRICIDAD,"$3,616.84",20,
1-217-TREFI,TREFI PLAFON LED LUZ FRIA REDONDO EXTERIOR 6 W,ELECTRICIDAD,"$2,597.31",20,
1-067,TREFI TUBO LED 9 W,ELECTRICIDAD,"$1,913.90",20,
1-320,TREFI TUBO LED18W,ELECTRICIDAD,"$2,449.62",20,
5-238,TRIPLE ACCION ALUMINIO 1 LT,PINTURA,"$13,215.71",20,
5-239,TRIPLE ACCION ALUMINIO 1/2 LT,PINTURA,"$7,612.94",20,
5-240,TRIPLE ACCION ALUMINIO 1/4LT,PINTURA,"$4,693.63",20,
5-241,TRIPLE ACCION ALUMINIO 4LT,PINTURA,"$49,227.47",20,
5-242,TRIPLE ACCION AMARILLO 1 LT,PINTURA,"$9,277.00",20,
5-243,TRIPLE ACCION AMARILLO 1/2 LT,PINTURA,"$5,547.26",20,
5-244,TRIPLE ACCION AMARILLO 1/4 LT,PINTURA,"$3,702.56",20,
5-245,TRIPLE ACCION AMARILLO 4 LTS,PINTURA,"$33,582.47",20,
5-246,TRIPLE ACCION AZUL MARINO 1 LT,PINTURA,"$8,427.19",20,
5-247,TRIPLE ACCION AZUL MARINO 1/2 LT,PINTURA,"$5,121.67",20,
5-248,TRIPLE ACCION AZUL MARINO 1/4 LT,PINTURA,"$3,482.41",20,
5-249,TRIPLE ACCION AZUL MARINO 4 LTS,PINTURA,"$30,205.03",20,
5-250,TRIPLE ACCION AZUL TRAFUL 1 LT,PINTURA,"$8,427.19",20,
5-251,TRIPLE ACCION AZUL TRAFUL 1/2 LT,PINTURA,"$5,121.67",20,
5-252,TRIPLE ACCION AZUL TRAFUL 1/4 LT,PINTURA,"$3,482.41",20,
5-253,TRIPLE ACCION AZUL TRAFUL 4 LT,PINTURA,"$30,205.03",20,
5-254,TRIPLE ACCION BERMELLON 1 LT,PINTURA,"$9,277.00",20,
5-255,TRIPLE ACCION BERMELLON 1/2 LT,PINTURA,"$5,547.26",20,
5-256,TRIPLE ACCION BERMELLON 1/4 LT,PINTURA,"$3,702.56",20,
5-257,TRIPLE ACCION BERMELLON 4 LTS,PINTURA,"$33,584.87",20,
5-258,TRIPLE ACCION BLANCO 1 LT,PINTURA,"$9,277.62",20,
5-259,TRIPLE ACCION BLANCO 1/2 LT,PINTURA,"$5,546.87",20,
5-260,TRIPLE ACCION BLANCO 1/4 LT,PINTURA,"$3,702.56",20,
5-261,TRIPLE ACCION BLANCO 4LTS,PINTURA,"$33,584.87",20,
5-262,TRIPLE ACCION GRIS ESPACIAL 1 LT,PINTURA,"$8,427.19",20,
5-263,TRIPLE ACCION GRIS ESPACIAL 1/2 LT,PINTURA,"$5,121.67",20,
5-265,TRIPLE ACCION GRIS ESPACIAL 1/4 LT,PINTURA,"$3,482.41",20,
5-264,TRIPLE ACCION GRIS ESPACIAL 4 LTS,PINTURA,"$30,205.03",20,
5-266,TRIPLE ACCION GRIS OSCURO 1 LT,PINTURA,"$8,427.19",20,
5-267,TRIPLE ACCION GRIS OSCURO 1/2 LT,PINTURA,"$5,121.67",20,
5-268,TRIPLE ACCION GRIS OSCURO 1/4 LT,PINTURA,"$3,482.41",20,
5-269,TRIPLE ACCION GRIS OSCURO 4 LTS,PINTURA,"$30,205.03",20,
5-270,TRIPLE ACCION GRIS PERLA 1 LT,PINTURA,"$8,427.19",20,
5-271,TRIPLE ACCION GRIS PERLA 1/2 LT,PINTURA,"$5,121.67",20,
5-272,TRIPLE ACCION GRIS PERLA 1/4 LT,PINTURA,"$3,482.41",20,
5-273,TRIPLE ACCION GRIS PERLA 4 LTS,PINTURA,"$30,205.03",20,
5-274,TRIPLE ACCION MARRON 1 LT,PINTURA,"$7,560.86",20,
5-275,TRIPLE ACCION MARRON 1/2 LT,PINTURA,"$4,619.17",20,
5-276,TRIPLE ACCION MARRON 1/4 LT,PINTURA,"$3,222.22",20,
5-277,TRIPLE ACCION MARRON 4 LTS,PINTURA,"$26,258.54",20,
5-278,TRIPLE ACCION NARANJA 1 LT,PINTURA,"$9,277.00",20,
5-279,TRIPLE ACCION NARANJA 1/2 LT,PINTURA,"$5,547.26",20,
5-280,TRIPLE ACCION NARANJA 1/4 LT,PINTURA,"$3,702.56",20,
5-281,TRIPLE ACCION NARANJA 4 LTS,PINTURA,"$33,584.87",20,
5-282,TRIPLE ACCION NEGRO 1 LT,PINTURA,"$7,870.84",20,
5-283,TRIPLE ACCION NEGRO 1/2 LT,PINTURA,"$4,619.17",20,
5-284,TRIPLE ACCION NEGRO 1/4 LT,PINTURA,"$3,222.22",20,
5-285,TRIPLE ACCION NEGRO 4 LTS,PINTURA,"$26,213.32",20,
5-286,TRIPLE ACCION OCRE 1 LT,PINTURA,"$8,427.19",20,
5-287,TRIPLE ACCION OCRE 1/2 LTS,PINTURA,"$5,121.67",20,
5-288,TRIPLE ACCION OCRE 1/4 LTS,PINTURA,"$3,482.41",20,
5-289,TRIPLE ACCION OCRE 4 LTS,PINTURA,"$30,205.03",20,
5-290,TRIPLE ACCION VERDE INGLES 1 LT,PINTURA,"$8,427.19",20,
5-291,TRIPLE ACCION VERDE INGLES 1/2 LT,PINTURA,"$5,121.67",20,
5-292,TRIPLE ACCION VERDE INGLES 1/4 LT,PINTURA,"$3,482.41",,
5-293,TRIPLE ACCION VERDE INGLES 4 LTS,PINTURA,"$30,205.03",,
5-294,TRIPLE ACCION VIOLETA 1  LTS,PINTURA,"$11,013.09",,
5-295,TRIPLE ACCION VIOLETA 1/2 LTS,PINTURA,"$6,344.12",,
5-296,TRIPLE ACCION VIOLETA 1/4 LTS,PINTURA,"$3,971.79",,
5-297,TRIPLE ACCION VIOLETA 4 LTS,PINTURA,"$44,175.34",,
1-289,TUBO LED CANDELA  9W,ELECTRICIDAD,"$1,624.38",,
1-298,TUBO LED CANDELA 18 W,ELECTRICIDAD,"$2,074.38",,
2-879,TUBO MAGNETICO HEXAGONAL 5 X 5/16,FERRETERIA,"$2,742.19",,
2-061,TUBO MAGNETICO HEXAGONALES 5 X 3/8,FERRETERIA,"$3,564.84",,
1-291,UFO HIGHBAY ILUMINACION DE GALPON 100 W,ELECTRICIDAD,"$20,096.84",,
1-292,UNION CAÑO RIGIDO PVC 20,ELECTRICIDAD,$181.92,,
1-293,UNION CAÑO RIGIDO PVC 22,ELECTRICIDAD,$211.70,,
1-294,UNION CAÑO RIGIDO PVC 25,ELECTRICIDAD,$225.22,,
100101,VENCIDA 20 LTS,PINTURA,$0.00,,
5-298,VENDA PARA IMPERMEABILIZAR 1 MT X 25 CM,PINTURA,"$10,263.98",,
5-299,VENDA PARA IMPERMEABILIZAR 10 CM X 25 CM,PINTURA,"$1,183.29",,
5-300,VENDA PARA IMPERMEABILIZAR 20 CM X 25 CM,PINTURA,"$1,857.27",,
GG-008-V12,VENTILADOR CON PLAFON 12 W,ELECTRICIDAD,"$27,057.86",,
GG-008-V15,VENTILADOR CON PLAFON 15 W,ELECTRICIDAD,"$30,354.26",,
1-295,ZAPATILLA 5 TOMA SIN TECLA BINORMA,ELECTRICIDAD,"$2,731.73",,
1-295-T,ZAPATILLA GFP 4 MULTITOMA SIN TECLA,ELECTRICIDAD,"$2,901.15",,
1-296,ZAPATILLA MULT 4 TOMAS C/BORNERA Y TECLA,ELECTRICIDAD,"$4,810.08",,
1-298,ZOCALOS GU 10 PORCELANA,ELECTRICIDAD,$565.52,,
